cues,result,compare
4d,43800000,44300000
5c's,23900,22700
6c's,3090,3290
a bit the,819000,820000
a jay,504000,482000
aa,96000000,65900000
aapu,33400,33100
aathaa,2010,2150
abalone,1320000,1380000
abang,4930000,4510000
abang berg,27,42
abang bod,5,5
abang body,1140,1130
abang sapau,552,688
abc,46100000,47700000
abit,1630000,1270000
abit the,11300,11400
absent without official leave,4740,4610
acbc,72200,24900
achar,312000,302000
aci,5180000,4730000
act ah beng,141,167
act ah lian,56,53
act baik,92,178
act beng,276,99
act beng buay beng,3,5
act besar,53,52
act big,353000,344000
act big buay big,28900,32400
act bijak,265000,2
act blur,18800,18800
act bodoh,124,126
act cantik,6,4
act chio,863,877
act chio buay chio,43,43
act classy,7110,7320
act comel,7,4
act cool,83600,82200
act cool buay cool,23,30
act cute,159000,159000
act dao,954,928
act fierce,1620,1590
act funny,72900,74200
act garang,379,439
act gerek,4,5
act good,121000,121000
act handsome,9510,9360
act hot,342000,342000
act hot beh hot,963000,1130000
act hot buay hot,1,1
act jamb,6,5
act jambu,5,5
act kaya,960,1010
act ke ai,3,3
act ke lian,60,50
act kelakar,27900,26700
act kesian,1,1
act kiut,4,5
act kuai,8,13
act lawa,196,202
act lian,117,110
act lian buay lian,7,7
act lomantic,16600,1
act macho,3320,3480
act marah,5,5
act mat,3530,4720
act mat salleh,152000,108000
act minah,62,51
act muda,1340,1310
act nice,88400,88800
act pandai,99,93
act pelat,5,5
act rich buay rich,1,1
act sachok,5360,3970
act sad,6230,6320
act sedih,5,5
act sek,608,608
act seksi,623,642
act seksi buay seksi,22700000,19500000
act sexy,285000,296000
act shuai,52,54
act shuai beh shuai,33100,102000
act shuai buay shuai,21900,8
act sibuk,2,2
act silly,20200,19700
act slim,12700,12700
act smart,41400,41000
act smart buay smart,2,2
act stupid,35800,35200
act sweet,78400,92600
act sweet buay sweet,1,1
act tall,13400,13400
act tall buay tall,67100000,62300000
act terror,739,742
act tough,48100,49300
act yige,165,174
act young,258000,258000
action,406000000,486000000
action bedek,84,84
ada udang di balik batu,4730,4600
adoi,159000,177000
afbf,58200,60100
again,544000000,512000000
agak,4350000,3750000
agak agak,142000,82200
agak tarik,81,65
agakration,212,212
agar agar,324000,368000
agaration,2280,2620
ah tong ah seng,571,86
ah balling,15000,13300
ah beng,81300,65100
ah bengfied,9,6
ah bing ge,467,169
ah bu,45600,43700
ah chek,1610,2760
ah chew,43600,54600
ah dou,9610,7820
ah gong,41400,44300
ah huay,7230,5480
ah ka liau,1,1
ah kah,2020,1870
ah kah ah chew,162,110
ah kah chiew ji,36100,17100
ah kow,32200,46900
ah kua,6520,4610
ah kun,5060,4950
ah lian,55100,55000
ah long,72300,205000
ah long san,1870,1220
ah ma,189000,199000
ah meng,67900,68200
ah mm,26600,26000
ah neh,17600,26900
ah nia,5380,3120
ah pa,45400,43400
ah pek,32300,32300
ah pooi,702,263
ah seng,109000,85000
ah sia bu,2,2
ah sia kia,801,1770
ah soh,7390,9850
ah then,81200,79000
ah tiong,21900,20400
ah tiong bu,2090,2170
ah tiong bu de cheese pie jin ho jiak,4,4
ah umm,1580,4400
ahbh,4940,5130
ai pee ai chee ai tua liap nee,158,158
ai see buay see,212,165
ai sui,7810,7780
ai beng buay beng,2,2
ai bin,12200,26100
ai gia steady mai,7,7
ai jiak zua mai,1,1
ai lian buay lian,6,6
ai mian zi,1390,1350
ai pee ai chee,337,371
ai piak piak mai,74,49
ai see,74900,15500
ai sio gan mai,2850,2840
ai swee,1450,1450
ai swee mai mia,109,115
ai zai,4910,14600
air batu campur,19800,20100
air jarang,1270,1270
air kendi,4900,4990
air panas suam,3070,3290
air suam,60300,58400
aiseh,24300,24200
aiseh bedah,51,50
aiseh dude,1,1
aiseh man,229,362
aiskrim ah pek,16800,21600
aiskrim uncle,8,8
aiyah,82400,82800
aiyoh,31800,44200
aiyoyo,26600,26800
aiyu jelly,24400,13400
ajak ajak ayam,1010,713
ak kah chiew ji,101,90
ak kah liao,46,41
akal kolot,2,2
akan datang,4070000,4020000
akasai,967,893
akka,988000,1120000
alamak,238000,231000
ali baba,433000,419000
ali baba bag,753,978
all fart and no shit,585,567
alrdy,121000,130000
also boleh,3590,3320
also can,10300000,11500000
amacam,76600,71300
america born chinese,167000,168000
amin,8380000,10700000
amma,1240000,992000
amoi,822000,1040000
an zhua,360,308
anak dara tua,10600,6000
aneh,959000,723000
ang moh pai,1340,1150
ang mor nang,6,6
ang geh,241,222
ang ji gao,492,491
ang ki ki,113,293
ang kong,10200,23000
ang kong kong,465,428
ang kong siao,681,706
ang ku kueh,86500,85400
ang moh,193000,81600
ang moh dua ki,285,300
ang moh dua liap,10,9
ang moh gao,176,137
ang pai,6820,6640
ang tao chu loot,254000,286000
ang tao peng,258,280
angan angan,84600,86400
angau,39400,38900
anger issue,8330,8040
angin satu badan,3260,3360
angkat,993000,1160000
angkat bola,2700,2530
anglophone singaporean,243,243
angpow,80300,81000
angwee,659,591
anjack,950,991
anjing,2530000,2180000
anneh,14300,13600
anoneh,625,647
anpai,36500,36500
anyhow,1250000,2570000
anyhow bedal,3560,3460
anyhow cakap,2,2
anyhow hentam,338,341
anyhow rembat,4,3
anyhow whack,2530,2540
apa tengok tengok,5780,7100
apam balik,110000,42800
apam manja,164,162
apollo chocolate wafer,2130,2260
apollo layer cake,1730,1720
apollo stick wafer,500,278
appa,462000,486000
ar ka chi,5,5
arbo,381000,396000
arbr,114000,114000
arbuden,32,32
ard,6530000,6530000
ardeh,9770,10500
argable,93,93
argly,61700,61900
armored regiment,31900,31700
army enlistment,18500,18300
army mate,8330,34200
army personnel,446000,207000
army regular,17300,6630
army specialist,36600,36700
army unit,345000,351000
arnoh,1890,1970
aromatic rice,45900,47100
arrow,62400000,63300000
asal boleh aja,8,9
asal boleh aje,582,582
asal boleh bedal,4,4
asal boleh hentam,68,83
asal boleh ja,686,639
asal boleh rembat,6,6
asal boleh saja,552,845
asal boleh whack,15600,20800
asam,2350000,3120000
asam masam,548,548
asam masam manis,263,263
asbs,61400,10800
ask favour,613,508
ask for trouble,272000,273000
atas,27800000,31700000
atas ppl,1690,142
atbt,14000,13600
attap chee,5920,3620
aunty,25700000,18700000
autobot,818000,336000
awek,6890000,5850000
awol,846000,438000
ayam,11800000,13500000
ayam kampung,416000,415000
ayya,144000,147000
ba alif ba ya,520,916
ba zhang,23000,7460
baba malay,17700,19400
baba nyonya,66100,65500
babi,13800000,8570000
babi poyo,7,5
babu singh,26500,26600
bacin,9990,34000
backside itchy,4080,3930
bad acting skill,498,473
badan berg,45,38
badan kering kontang,1,1
baduvaa,3,3
bag of balls,113000,113000
baghal,31700,32000
bagus,19800000,14900000
bahlul,53100,54200
bai fu mei,1670,1640
bai wulong,83,83
baik,28500000,34600000
baik hati,359000,359000
bak chew ang,3,3
bak chew tah sai,3,3
bak chew tah stamp,19,9
bakero,6050,138000
balik,10100000,8400000
balik kampung,253000,171000
ball game,453000,470000
balls drop,94300,124000
balls shrink,5570,5480
balu,368000,445000
balukoo,1900,5660
bamboo leaf,119000,64300
banana child,4760,8200
banana leaf,521000,531000
bang ball,108000,108000
bangang,624000,697000
bangap,1510,1510
bangga,1210000,1230000
bangga hati,682,682
bangkai,272000,121000
bangla,19300000,17600000
bangsat,288000,289000
bantai,336000,333000
bantal busuk,5650,5610
banyak cakap,35500,36700
banyak colok,1250,749
banyak mulut,7420,7410
bao ga liao,6230,6550
bao fa hu,444,427
bao sua bao hai,1890,1870
baobei,147000,65700
bapak lu,3920,2730
bapok,44400,41500
barang,17900000,18500000
barang barang,2750000,3050000
baru,62300000,67600000
basic academic learning,1850,1850
basic infomation,4750000,3510000
basic military training,106000,103000
basket,94100000,89200000
basketball court,905000,905000
bat po,18500,18300
batu api,35300,35400
bazir,56100,50900
bbm,6490000,6770000
bcac,194000,194000
bcc,7130000,9560000
bcf,412000,369000
beancurd skin,50300,57300
beancurd strip,126,109
because the sky is so high the bird shit in your eye,7,7
bedal,64300,64700
bedek,68200,219000
bedek kacang,41,41
bedok bedok,36500,36200
bee hoon,662000,678000
bee koh,10100,10700
bee see,32400,32400
beef ball,40800,74900
beef floss,9140,6920
beef rendang,193000,192000
beef serunding,1970,2050
beethoven,1880000,1700000
beh,3570000,4010000
beh tah han,5540,5730
beh gum,8,70
beh hiao,220,235
beh hiao bai,5,5
beh hoo,25,25
beh hoon,662000,83
beh hoon kia,1,1
beh kan,1280,1180
beh kia nang,315000,343000
beh kia nang tu lan,14300,59800
beh kum guan,2,2
beh pai,2450,2340
beh paiseh,78,78
beh piao,5,5
beh song,1870,1880
beh steady,181000,78
beh steali,546000,561000
beh tank,4,4
beh tong,609,609
beh yau kin,5,5
belah,1170000,1160000
belakang mari,989,989
belanja,7380000,8340000
belasah,63900,64500
belcube,6590,6190
bell curve god,1390,1520
bend,53000000,38000000
beng,8060000,7720000
bengang,139000,47600
bengap,18300,19100
bengfied,1,1
bengkok,133000,327000
benglish,64200,63300
bengong,161000,163000
berak,285000,132000
berambus,17600,14900
berangan,217000,208000
berani buat berani tanggung,2040,2030
berat hati,35200,35200
berat mulut,3360,3340
berat sebelah,52200,51800
berat tulang,8200,33900
berbelah bagi,12200,21700
berbual slang,7,7
berfoya foya,10400,11100
berhutang budi,8880,8200
bermuka dua,17200,17800
bermuka muka,3960,3930
berterima kasih,326000,325000
beruk,82100,77300
besar hati,12900,12800
besar kepala,39300,41200
betawi laksa,2390,2280
betina,2930000,3600000
better cover car chng,3,3
bgr,782000,2450000
bhai,7070000,6800000
bhai si mi sek,4,4
bhai toncet,1,1
bhb,704000,756000
biadap,61700,62100
bian tai,2580,2650
bian tai shu shu,73,72
bianhae,21,9
biar betik,7500,6350
biar betul,97300,48200
big cannon fairy,476,449
big mulut,3580,3660
bijak,647000,1450000
bika ambon,66500,39200
bila boleh game,739000,727000
bila mahu game,4,3
bila nak game,1380,1260
bin ang ang,166,171
bin bin,71000,142000
bin chow chow,305,467
binget,4200,4330
bingka ambon,8460,4800
biol,23500000,21400000
bird bird,96100,98500
biscuit piring,626,626
bising,530000,513000
biskut batang buruk,1530,1530
biskut dahlia,6090,5940
biskut piring,71,72
biskut semperit,14700,16500
biskut telinga gajah,8,9
bismillah,1870000,2150000
bisu,447000,442000
bitter lesson,31100,38400
bk,43600000,85500000
black dog egg,6,9
black face,6830000,7210000
black spider,73400,75500
blame oneself,1600,1680
blanco,36800000,46500000
blanjah,1410,1240
blank face,242000,243000
blank file,25700,25700
blanket party,19900,20400
blarder,247,264
blindly copy,12200,12000
block catching,3560,3680
blood go up,3280,3210
blue black,7780000,9130000
blue tick,238000,78000
blur blur,70400,71600
blur blur katak,100,101
blur cam sotong,46300,35700
blur cock,6370,7350
blur king,1500,1480
blur macam sotong,32,32
blur queen,1670,985
blur sotong,9860,10700
blur toad,28,28
bmw,52600000,48900000
bo bah ti,655000,6
bo beh zao,1020,1030
bo bian,24800,24400
bo bin,2050,20800
bo chap,5660,5200
bo chee,367,373
bo cheng hu,3610,3700
bo chiak png,1,1
bo eng,1920,6000
bo gao koon,7,7
bo her hae mah ho,1470000,1610000
bo hew,353,352
bo hood,3110,2960
bo hua,4170,4500
bo huat tor,4,6
bo idea,9200,11000
bo jio,25500,24700
bo kah si,9,9
bo lan hood,7,7
bo lang ai,164,205
bo lang zai,67,67
bo lat,1260,27000
bo leong sim,20,13
bo liao,26000,26200
bo lin chu,1300,1300
bo lor yong,32,32
bo lui,4730,4980
bo lui lang,82,80
bo lum pa,5,5
bo min,14200,50800
bo nang ai,5,5
bo pakai,331,345
bo pan huat,6,6
bo peng yau si,62,62
bo pi,17800,62100
bo say,8450,8550
bo sim,9760,9700
bo song,69700,15600
bo sui,2280,2290
bo ta bo lan pa,47,48
bo tai bo ji,453,478
bo tai jee,7,8
bo tak chek,2950,2950
bo tau bo beh,263000,262000
bo tua bo suay,54,55
bo yau kin,6,6
bo yong,14800,15100
bo zheng hu,1040,1040
bo zor kang,3,3
bobo,5040000,5480000
bobo king,2120,2030
bobo shooter,3160,3250
bodek,311000,315000
bodek membodek,217,229
bodoh,448000,464000
bodoh like biscuit,70800,116000
bodoh macam biskut,6,6
bogay,7100,6970
bogoshipda,12400,12400
boh,945000,883000
boh tseng hu,7,6
boh wei gong,49,44
bohong sunat,1430,579
bok gwai,825,820
boleh,20700000,15500000
boleh belah,4900,5220
boleh berambus,1350,1320
boleh tahan,261000,252000
bombz,75900,74500
bomoh,102000,271000
boncet,5480,3170
bongkak,31800,29700
bongok,35400,35600
booby prize,18500,18400
boombastic,357000,369000
boomz,171000,174000
boon lang sai,497000,533000
borak,463000,436000
born cheap act class,1,1
borong,726000,853000
borrow,24700000,26400000
boss,67500000,41000000
botak,326000,378000
botak head,2080,2100
botch up,13600,13500
boy girl relationship,205000,205000
braised dish,2510,2820
brengsek,121000,121000
bs,63500000,73400000
bth,1080000,890000
btss,37600,30700
bu guan,8350,8460
bu hui zuo ren,4,4
buah,11400000,10200000
buah cheri,524,524
buah duku,11800,11900
buah kana,8750,8830
buah susu,92500,17700
bual slang,21500,25700
buang,1040000,2410000
buang buang duit,10400,10400
buang saliva,1,1
buang tebiat,5530,4410
buang time,119,113
buat bodoh,22800,17900
buat cerita dongeng,2290,2290
buat dek,7300,5670
buat malu,41500,27900
buay,85000,215000
buay swee,410,412
buay gum,638,1300
buay hiao,659,662
buay hiao bai,222,222
buay hiao cho lang,1170,1150
buay hoo,37,38
buay kan,348,972
buay kantang,5,5
buay kia nang,8,8
buay kum guan,33,33
buay pai,4800,4510
buay paiseh,1830,1790
buay sai,3630,3180
buay si,411,411
buay song,8950,8700
buay steady,629,654
buay tahan,13000,13100
buay tank,53,53
buay tong,331,363
buay tze tong,6,6
buay yau kin,1,1
buay zai,385,212
buaya,641000,558000
buayalogy,3,3
budak baru nak up,4590,4730
budak kental,104,104
budak payung,61,105
buddhist festival,19000,17600
budget hotel,932000,938000
buffed body,3300,3300
bujang terlajak,5140,4130
bukit timah,4380000,3790000
bulat,2090000,1830000
bully king,11900,11800
bully queen,9140,10900
bun knife,345,898
bung kah tio lum pa,98500,94000
bunk mate,2450,13500
buntu,641000,209000
bunuh,397000,366000
burn hand,5510,8560
buruk,2670000,3080000
buruk siku,1850,1770
bus mrt walk,2810,3040
busuk,443000,456000
buta,917000,706000
buta hati,7940,7750
buta huruf,59100,54900
butoh,61000,258000
butt itchy,2360,2360
butter cookie,284000,78500
butter filling,76600,78800
butter sugar bun,1820,1840
butter topping,17900,18000
butterface,568000,563000
butterfly biscuit,6930,7610
buwee,855,976
cab,42600000,46600000
cabul,314000,384000
cabul maruah,7,7
cabut,280000,459000
cacat,2240000,2420000
cacat akal,673,659
cacat otak,3490,3060
cai niao,6040,5780
cair hati,1750,1190
cakap besar,7720,9190
cakap slang,1250,948
cake lapis,16600,16600
calefare,7810,3630
call backup,9710,9910
call girl,1210000,666000
camel toe,733000,683000
campur tangan,198000,198000
can,1450000000,1430000000
can or not,603000,256000
can die,456000,182000
can is can,309000,309000
can say again,26500,26500
cannon fairy,1510,1510
cannot be bothered,364000,132000
cannot keep secret,4160,4150
cannot make it,915000,896000
cannot stand it,61000,60000
cannot take it,427000,415000
cannot wait,1470000,1350000
cantik,23200000,26100000
cap merah,5490,5580
cari hal,13600,9380
cari makan,206000,133000
cari pasal,41900,43300
cari point,1630,1520
cari trouble,6,6
carry ball,7770,7770
carry kavadi,1250,1350
catch feel,5620,5610
catch no ball,3960,8920
cats cradle,144000,124000
cb mouth,19600,19600
cekik,56700,58400
cekik darah,10500,16200
cekodok,85100,76600
celebpreneur,605,615
cemburu,335000,346000
cemburu buta,10900,10900
cement your mouth,2,2
cempedak,136000,138000
cepat lari,6690,6390
cereal prawn,32000,29100
cerewet,138000,155000
cerita dongeng,138000,133000
cewah,10400,10300
cha si nang,234,235
cha tow peng,7,8
chalk drawing,19800,21200
challen,385000,387000
cham,14700000,41000000
cham siong,564,564
champion,50000000,53100000
change parade,2050,2050
changi prison,85600,86300
chao,17800000,8480000
chao ah beng,2630,2870
chao ah lian,1930,1890
chao chee bong,58,78
chao chee bye,1050,3060
chao da,20500,20500
chao hi lang,7,7
chao kah,484,484
chao kang,10500,10600
chao keng,23800,23600
chao keng king,89,94
chao keng queen,1,1
chao kuan,1150,1180
chao lao,5830,11000
chao mugger,254,262
chao private,1850,674
chao recruit,1300,1300
chao ter bye,1,1
chap cheng,676,668
chap cheng kao,173000,289000
chap go mei,20200,20200
chap lau chu,712,661
chap sar tiam,41,47
chapalang,12100,14400
chapteh,9560,10400
char bor,8320,8540
char bor heng,1,1
char tau,309,309
chase rank,9990,10200
chau peng,5300,5480
chay meh,4,4
chay meh goo,158000,231000
cheapo,407000,162000
cheapo pek,16000,19800
cheat duit,138,183
cheat feeling,6890,6930
cheat money,59200,58000
cheat my feeling,6210,6210
cheat my money,92800,92400
cheaterbug,382,499
chee bye,5580,5950
chee bye bin,9,130
chee bye chwee,6,6
chee bye face,91,91
chee bye leaf,89,90
chee bye mouth,84,84
chee hong,79100,92000
chee ko,3060,3270
chee ko pek,1080,1090
chee leow bee,91500,91600
chee sin,3140,7440
chee toad,135000,157000
cheebilised,5,5
cheem,19000,18900
cheeminology,354,355
cheemology,363,363
cheena,4900000,4900000
cheena beng,32,32
cheena gherk,30,30
cheena pek,1,1
cheena piang,57,53
cheena pok,863,863
cheese cracker,15100,19900
cheese mexico,1570,1430
cheese pie,62100,77000
cheesy,16800000,20500000
cheh,449000,484000
chellam,238000,233000
cheng hu kang,219,201
cheoh,13100,5140
cher,25100000,22500000
cherry cherry long chiam pas,118,154
chey,391000,400000
cheybah,29,37
cheydebah,47,101
chi cham,2150,2070
chi kek,192,264
chi teh bin,7,7
chiak buay liao,55,55
chiak chow,66,60
chiak hong,309,369
chiak kantang,2410,2380
chiak kuay kuay,6,7
chiak lang,30,47
chiak leow bee,80,80
chiak lui,32,32
chiak pah boh sai pang,8,8
chiak pah pak ka chng,5,5
chiak sior eng,5,5
chiak tsua,59,42
chiam see tong,37300,35300
chibaboom,983,1150
chibot,1130,1170
chickabong,8,8
chickadees,223000,211000
chicken,144000000,121000000
chicken backside,2070,2050
chicken business,9740,9120
chicken feed,100000,101000
chicken feet,187000,242000
chicken floss,51700,46600
chicken hand duck leg,18,21
chicken ppl,11500,45
chicken rendang,46600,41600
chicken rice,4690000,4100000
chicken serunding,1790,1800
chik ak,261,284
chiku,364000,343000
chillax,181000,161000
chilli crab,367000,385000
chilli padi,95800,91000
chin chye,265000,246000
china helicopter,111000,108000
china man,170000,168000
china woman,285000,66100
chinapore,1530,1600
chinaporean,178,176
chindian,159000,152000
chinese almanac,14400,14000
chinese ghost festival,8740,3950
chinese helicopter,9330,10100
ching chong,26800,25100
chio,428000,432000
chio bu,22800,23200
chio bu,22800,23200
chio kao peng,106,105
chiong,158000,152000
chiong sua,2490,2580
chiong sua unit,63,63
chiu,6250000,5970000
chiu kena kah kah kena lum pah,1,1
chiu kena kah,3,3
cho boh lan,212,219
chochok,1090,1090
choi,30000000,40100000
choki,438000,444000
choki choki,48200,19300
chong kong,7870,8230
choon boh,332,325
chop,28400000,29200000
chop chop,153000,167000
chop chop kali pok,1070,1710
chope,417000,405000
chor,1410000,1650000
chor lang,318,318
chor lor,1740,1690
chou chou,48200,48200
chu pattern,2100,2100
chuay si,66,66
chui,2860000,2580000
chui kong lum pa song,1,2
chun boh,238,237
chuppie,1430,1460
chut pattern,3010,2970
cik pon,6990,2610
cina babi,7490,7130
cina poyo,80,62
cinapore,209,193
cinaporean,34,36
cinibong laksa,1,1
cissy cracker,8,49
civil servant,654000,654000
civil service,4260000,3810000
cklps,122,122
claypot,652000,689000
clementi,7490000,8820000
climb bukit timah,734,1720
climb on top,272000,281000
climbing plant,47800,167000
close eye,342000,778000
close one eye,43700,44400
close satu mata,1,1
clown around,51200,107000
cm,153000000,259000000
cnc,15500000,12300000
cny,85200000,84100000
cock fella,86200,76300
cock up,8220000,8320000
cockanaathan,9,9
coconut milk,3000000,2970000
coffee money,48000,46100
colorful jelly,5050,9150
combat engineers,30800,38300
combat vocation,1380,1840
come i clap for you,5040,6510
comel,1280000,1850000
comeuppance,281000,282000
complain king,1210,1210
complain queen,861,1640
confim and guarantee,1,20200
confirm,266000000,261000000
confirm plus guarantee times 2 with 3 year warranty,6,6
confirm and guarantee,20400,20200
confirm plus chop,12300,11900
confirm plus guarantee,406,407
confuzzled,40500,41200
construction worker,525000,524000
contra,46000000,35200000
controlive,756,443
corn hoon kueh,1080,1040
corn puff,11200,12800
corntos,4210,940
corright,965,941
cover backside,5660,4200
cover car chng,4,5
cover line,18500,69100
cover lubang,3480,1240
cover pantat,114,8
cover shit,6320,5010
cow touncil,33,33
cowdung,61300,60700
crispy,44800000,40700000
crone,342000,771000
cronyism,405000,410000
cry dad cry mum,5,6
csb,858000,821000
csi,8340000,8250000
css,18900000,15100000
cuckoo bird,55900,55900
cucuk,265000,151000
cucur,139000,143000
cultural theft,4390,6420
curi,409000,469000
curi ayam,37900,7830
curry favor,91400,91200
curry laksa,92600,88900
curse enemy,1910,771
custard flour,2620,2050
custard powder,54100,53400
cut queue,8550,11000
cyber cafe,516000,570000
da bai tu,3620,3630
da er long,4480,582
da fei gei,98,99
da fei ji,648,647
da shou qiang,138,139
da xiao ren,3280,3140
dabao,160000,158000
dadah,243000,499000
daebak,91700,249000
dahlia biscuit,165,158
dai ji,30900,30900
dai lou,7510,7510
daisy biscuit,261,345
dak payung,8,8
dao,21600000,17700000
darah go up,3,3
darah naik,7670,7370
darah up,691,692
dd,58000000,45200000
deep fried prawn,85600,89700
deeparaya,1600,1890
deepavali,1750000,681000
degil,370000,386000
despo,164000,44100
detention barracks,31700,27900
dey,2430000,2260000
dhilla,25200,25000
diam,3240000,3040000
diam diam,234000,234000
diamond cheese pie,3,5
diao,322000,388000
diao ppl,23,23
diao zui,1340,1280
diaoz,11200,11000
die why die,766,764
die cock stand,54400,61000
die die,7120000,11100000
digger,13000000,20900000
ding dang,65000,65100
ding dang chocolate,250,252
ding dong,406000,400000
dinner&dance,920,920
dip dip,115000,134000
dirty business,305000,305000
dirty work,319000,634000
diu lei,6750,6690
diu lei lou mou,739,739
do wan,31800,32200
do stupid thing,5330,13800
dodge task,22,22
dodol durian,4260,3820
dodol nangka,1260,1260
dodol sirsak,1420,1490
dol,5440000,2520000
donch,14800,15300
donch shy,4,4
dong zhi,69800,69300
dont fly my aeroplane,3,3
dont fly my kite,2730000,3670000
dont hew,46,45
dont play a fool,1200,2010
dont play play,40100,11900
dont want done,690,676
doraemon,1900000,2140000
dosa,1620000,1430000
dot dot dot,128000,929000
double confirm,79100,41800
double decker,4070000,4140000
dowan done,2,2
dragon boat festival,236000,233000
dragon boat race,48500,46900
dragon dance,162000,152000
drain hole,71300,107000
drama,53900000,82600000
drama mama,40500,93300
dried fig,57800,56900
dried fish,219000,187000
dried fish fillet,13700,16400
dried fish strip,244,282
dried fruit,1120000,995000
dried olive,14100,21800
dried prawn,16100,12400
drink stall,34800,39900
dta,690000,701000
du lan,31100,30700
dua neh bu,580,580
dua neh neh,862,863
dua pai,258,258
dua pao sian,67,65
dua suay bak,3,3
dua suay liap,3,3
duanwu festival,11700,11200
dubdew,798,795
duduk rumah besarkan badan,9,10
duduk rumah besarkan buntut,41200,38500
duduk rumah besarkan konek,10600,14700
duduk rumah besarkan perut,53200,50300
duduk rumah besarkan tetek,33400,31800
duduk rumah diam diam,3610,2550
duduk rumah jual anggur,153000,161000
duit raya,162000,132000
duku,136000,364000
duku langsat,5420,5390
dukun,673000,424000
dumpling festival,24500,24700
dun,23000000,16600000
dungu,163000,166000
dunno,1290000,1360000
duo gao,3510,3610
durex,1310000,1430000
durian popcorn,1620,1560
dutty yeah,553,1260
ear biscuit,1090,1270
early early don't say,90,90
early early never say,3,3
earn a living,514000,990000
eat air,33900,34600
eat die me,1910,1960
eat dirt,91100,88900
eat grass,38500,35500
eat ones fill,9,9
eat salt,25800,31300
eat shit,347000,346000
eat snake,5880,19200
eat taik,36,36
eat too much,317000,314000
eclectic mix,328000,266000
economic rice,14300,28300
edible wrapper,1330,1350
edmw,43900,97900
edmwer,19300,18400
eee,2190000,1950000
eeyer,3740,3130
egg ball,8560,38500
egg wafer,2410,2360
eh hello,19600,21900
eh hiao,199,213
eh hiao cho lang,2770,424000
eh sai,14500,14300
eh sai bo,455,403
eksi,835000,800000
eksi borak,3,3
elbow neck,4120,6290
electro mat,736,1240
electro minah,140,158
eleven b,6900,7090
elumbukoodu,3,3
emo,16500000,20700000
empty headed,57200,59500
en pee en tee,3,5
encik,418000,451000
eng eng cheng cheng,664,684
england,257000000,213000000
engrand,25400,25900
enthu,220000,220000
eppadi irukkinga,397,396
er duo bing,78,77
errand boy,209000,40000
eruma maadu,540,540
erxin,5770,6100
erxin dabian,3,3
eskew me,224,88
extra,267000000,424000000
eye kena stamp,8,8
eye power,24200,21600
eye red,206000,200000
eyeglass candy,787,825
eyeglass chocolate,1040,997
eyes got stamp,636,642
eyes kena stamp,8,8
eyes paste stamp,89,89
eyes stick stamp,8,8
fa dai,11900,18600
face pecah,90,88
fakester,914,914
fall in,24200000,23000000
fall out,1120000,1180000
familee,57500,55400
fancy gems,7220,7210
fang ge zi,370,369
fang fei ji,413,413
fang pi,3690,1300
fang xin,40300,39700
farker,42200,42800
fast game,150000,153000
faster cheaper better,25100,27900
fat die me,163000,163000
fatsy,35900,35700
fatty bom bom,3800,3740
feathered toy,524,788
feeling feeling,42800,14500
feeweet,127,100
feng shui,5130000,5100000
festival of lights,244000,252000
fetch,6680000,6420000
fevret,17100,18000
fiak,26400,26000
field camp,77600,30800
field report,212000,61800
find pasal,6,6
finger itchy,1030,965
first-come first-serve,1240000,2790000
fish gravy,31900,28400
fish muruku,1770,3240
fish seller,52100,93400
fist fight,368000,360000
fitspo,188000,193000
five stone,220000,74300
fizzy cola,20100,20100
flashy fashion,4110,4080
flesy,2400,2420
flim,2010000,3260000
flip eraser,128,158
flip prata,4730,4600
fly aeroplane,7300,7770
fly kite,30800,70800
fly me aeroplane,382,382
flying fish biscuit,353,446
fong fei gei,155,160
food truck,5310000,5530000
food wrapper,7180,24400
fool around,155000,456000
forazumper,5,5
foreign devil,32900,32300
foreign talent,113000,112000
foreign worker,397000,399000
forget it,2880000,2970000
fox spirit,109000,153000
foya foya,24900,25300
fraudster,730000,356000
freaktard,314,282
free and easy,9410000,7230000
free flow,1100000,1140000
free-range,593000,670000
freeze and melt,11400,11600
fricktard,7,7
fried bee hoon,60800,68600
fried egg,468000,591000
fruit rojak,12000,5610
frus,347000,331000
fu er dai,3500,5060
fuck spider,87100,82100
fuck atas bawah,1,1
fugly,497000,539000
fuh,241000,265000
fulamak,9930,9530
full of oneself,88200,59000
full tank,145000,121000
full time,78500000,73900000
fuyoh,19300,19000
fwah,30100,15200
fwuh,1230,1280
gabra,256000,258000
gadoh,19600,18600
gagah,256000,266000
gahmen,119000,122000
gain face,15300,15300
gaji buta,51800,27700
gam sia,1250,1210
gan bei,30300,30500
gan dong,48000,48100
gan qing,11300,11300
gandos,65900,64200
gandos ubi,2,1
ganja,1780000,1030000
ganjaa,12700,12700
gao cuo,145,145
gao dim sai,9,9
gao ding,21900,22000
gao fu shuai,1320,1310
gao kway nrng,2,2
gao tak chek,1,1
gao teng gi,2,2
gaowei,129000,132000
garam masala,208000,208000
garang,277000,302000
gasak,125000,128000
gasak buta,268,268
gasak lah,383,350
gasing,97600,105000
gatal,652000,990000
gau,3700000,4040000
gau mm tim,5,5
gd,53800000,44400000
gedempol,3310,3420
geh geh,4240,4240
geh kiang,1190,1270
gei lou,297,296
gei yan,216,214
gek sim,3390,3380
gembeng,9320,9180
gempal,88100,91000
gemuk,784000,692000
gemuk gedempol,605,605
gendut,429000,695000
geng,3110000,2750000
geng bang,27900,32400
ger,24400000,30600000
geragok,387,445
geram,520000,544000
gerek,787000,810000
get,1370000000,1630000000
get what one deserve,202,221
getai,67400,53600
getuk getuk,1190,1370
getuk ubi,9710,9160
gg,28200000,43300000
ggdd,6500,6570
ggwp,193000,192000
ggxx,59200,58800
ghee cookie,102,111
gi mampoi,812,800
gi mampus,1070,1240
gi mati,807,872
giah lum pa chut lai tom to teng,5260,5510
gian png,1420,1420
gila,2880000,2490000
gila arak,5,5
gila bab,6820,6820
gila babi,20700,16600
gila betina,117,136
gila bodek,8,8
gila botol,667,644
gila dadah,54,56
gila duit,3810,4190
gila gossip,20,14
gila hutang,68,68
gila jantan,217,121
gila judi,14100,13900
gila kuasa,34500,32600
gila lelaki,1760,1920
gila money,233,246
gila pangkat,2830,3330
gila perempuan,14400,14800
gila pompuan,113,88
gila rank,226,214
gila rasuah,66,56
gila talak,5680,5830
gila wang,447,284
ginna kuan,91500,84200
ginna pi,549,1340
give chance,77700,75300
give face,313000,306000
give offering,4820,4830
gl,50800000,52500000
glam,30200000,31300000
glgt,17600,17700
glhf,48700,49300
go head,284000,286000
go where,3420000,3930000
go and die,872000,645000
go die,278000,278000
go fly kite,10500,9320
go fuck spider,15700,14300
go jump down,5490,1100
go mampoi,4890,2020
go mampus,135,8
go mati,1980,1370
gold coin chocolate,65300,1530
golden cheese pie,280,386
goli,579000,490000
gone case,37700,36800
gong dai dai,282,391
gong dua dai,7,6
gong gong,37500,36100
gong gong dai dai,245,325
gong gong jia ti kong,3,3
gong hei fat choy,8690,8700
gong kia,1970,1850
gong koay,1,1
gong lang,2060,2060
gong lanjiao wei,7,7
gong tao,41500,8120
gong xi,214000,231000
gong xi fa cai,174000,167000
gongfu,273000,53100
gongxi raya,536,536
good for nothing,780000,780000
good very good,1130000,1130000
goondu,27000,26000
goot pocoyo,7,6
gor chiam tua guay gu chia leng,58,58
gorblok,157,202
goreng,9830000,8900000
gostan,14100,46200
got,405000000,461000000
got eye see no or yee or,3,3
got problem ah,614,605
got eye see no tarzan,7,7
got license,13100,12900
got link got talk,48,10
got video got talk,1260,1250
government job,306000,337000
government mouthpiece,16000,16100
government scholarship,171000,356000
goyang kaki,53400,90200
grandfathers army,106,139
grandfathers road,392,1010
grandfudder road,10,10
grated coconut,91600,207000
green bean flour,4280,5160
green bean powder,2920,2860
green packet,34100,38200
gu niang,5260,5270
gu poon si,10,10
gu zao wei,6170,5700
gua,4120000,4630000
guai lan,4030,6290
guai lan kia,216,215
guangdong province,1170000,1290000
guangzhou immigrant,125,129
guanyin ma,3770,450
gudek putih,3000,3170
guinness foerign extra stout,6580,6490
gula masam manis,127,128
gula melaka,343000,343000
gummy candy,129000,117000
gungho,220000,215000
guo fen,13500,13800
gvgt,23800,23500
gwai lou,879,880
gx,5870000,6880000
h81,101000,95900
ha,140000000,156000000
ha ki lum pa,591000,603000
ha lum pa,788000,823000
ha ni ah pa lum pa hor li kar,122000,31400
habis,4910000,3820000
haf,298000,311000
hailat,7470,7410
haish,64900,65900
haiyah,17300,17800
haiyoh,12300,12300
haiyoyo,250,269
hakka cuisine,23400,25200
halal,28900000,29800000
half ball,52600,52600
half past six,79200,79200
half-baked,514000,557000
ham bin,2330,3610
hami melon,39300,8790
hamz,69300,69100
han na,53100,174000
han tse,500,617
hancai,286000,285000
hand itchy,6320,6380
handsomelicious,4,4
hang zheng pai,5,6
hantam,162000,75900
hao chi,26200,26800
hao lian,21100,20400
hao lum bin,3,3
hao ren,9590,9630
hapak,35500,37000
happy like bird,1950,1950
haprak,15800,17100
hapz,7500,7180
haram,5910000,7360000
hard up,7500000,7670000
hardcore,39700000,32700000
hari raya,11100000,5030000
hari raya aidiladha,344000,348000
hari raya aidilfitri,931000,526000
hari raya haji,347000,367000
hari raya puasa,150000,156000
harnoh,68,68
hasut,23600,25000
hate sunlight,1100,1010
hati batu,25600,19300
hati berat,4420,7170
hati busuk,7400,6870
hati cair,627,627
hati panas,4700,4700
haw flakes,9310,9290
hawk one or koh one,4,4
hawker centre,833000,825000
hay bee,5270,5270
hay bee hiam,997,997
hay wiring,881,881
haywiring all over the shop,3,3
hdb flat,1280000,1320000
he still small boy one,549,538
hean toh,563,563
heart cair,260,262
heart pain,93100,48600
heartlander,21300,21000
heaty,144000,135000
heck care,3870,7970
heh heh chuan,46,46
hei she hui,1780,1780
helication,80,100
helicopter,18700000,17400000
hell money,11400,45300
hen hao,3370,16100
heng,10600000,14900000
heng chu,6510,6420
heng kao kan,8,8
heng suay,2230,2410
henpecked husband,13600,18900
hensem,83700,306000
hentak,119000,110000
hentak kaki,6900,8710
hentak kaki cepat hentak,278,277
hentak leg,41200,49800
hentam,110000,111000
hentam bola,217,217
heong,235000,217000
heong siu,4,4
hero,80200000,73600000
hey sho,741,741
hiam,84100,92000
hiao,51000,51700
hiao lay lay,67,67
hiao mi,17800000,27300000
hiau lok,1,1
hide face,33200,33700
hide muka,30,37
hidung tinggi,3080,2790
high level,60600000,62000000
high roller,1580000,2100000
high-class,3040000,3150000
hijabista,59300,62200
hilang,3730000,3730000
hilang akal,24900,14000
himbo,110000,111000
hin,21200000,21000000
hindu festival,537000,537000
hindu pariah,99,100
hip siong,13300,13300
hiro,1290000,1270000
hiro choc cake,181,181
hiro chocolate cake,643,739
hisap dadah,4830,7980
hisap ganja,5420,5470
hit aeroplane,1230,1230
hit or miss,719000,728000
hit target,99100,26000
hit with slippers,1550,1690
hitto,76800,9950
hmmm zai,3,3
ho gai siao,272,272
ho hia tee,26,27
ho jiak,28000,26000
ho jiak ho koon,96,84
ho kua,667,627
ho lang kan,269,301
ho say,42000,39800
ho thia,141,141
hock kee,32200,31800
hodoh,72700,72800
hojjiber,47,57
hokkien char mee,5900,5910
hokkien cuisine,6110,5570
hokkien peng,8020,8030
holy day,270000,269000
holy month,251000,248000
hong bao,68500,70800
hong kan,6980,7310
hong kong foot,15400,17300
hongster,1460,1360
hoong kee,2220,974
hoot,2390000,2140000
hopeless case,62100,62500
hor,5710000,4580000
hor fun,198000,198000
hor gui kan,322000,335000
hor kau kan,6,6
hor liao,1420,1390
hor mia,1010,1250
hor miah,56,56
horlan,3490,3230
horlicks soya bean,53,53
hormat,631000,443000
hormat senjata,1230,868
horrigible,950,989
hosay,25500,89200
hosehbo,4850,2330
hosei liao,961,961
hot die me,94300,97800
hotdog prata,649,649
hotel 81,504000,499000
hou sek,1940,1980
hougang chalet,367,582
house visitation,5600,5310
housing project,604000,595000
how can,113000000,87900000
how liddat,1230,1340
how like that,198000,198000
how now,192000,223000
how seow,1270,1270
hua hee,68600,68500
hua hee tio ho,666,666
huai,691000,646000
huan a,4810,5020
huat,3640000,3750000
huat ah,160000,182000
huat kueh,22700,20900
huat sio,292,295
huatderful,9,9
hudsons,202000,202000
huha,91700,93000
hui sei,205,198
huli jing,21000,21000
hum chi,584,577
hum pah lang,32,30
hum ji,2720,2720
hum kar chan,608,607
hum kar ling,9,9
hum sup,2210,2260
hum sup lou,132,173
hungry ghost festival,53400,51800
hutang,645000,626000
hutang keliling pinggang,4030,4820
hypokrit,18800,19100
ice and water,531000,845000
ice cream uncle,7580,7270
ice jelly,22500,21100
ice kacang,43000,48100
ice lolly,399000,398000
ice red bean corn,5,5
ice soursop,420,421
iceball,94000,22100
iced gem,6100,5840
identity card,729000,811000
idle king,2400,2400
idle queen,879,1130
ikan,10400000,10900000
ikan bilis,288000,288000
ikan bilis ppl,4,2
ikan satay,1190,1190
ikat perut,12400,12700
ill-wish,2610,5950
im thread,11600,11600
imba,534000,167000
immeelly,29,29
in-camp,582000,582000
indian cuisine,986000,869000
indian festival,311000,141000
indian harvest festival,6550,6620
indonesian cuisine,194000,522000
ini macam,105000,73300
innards,399000,130000
inshallah,625000,633000
insult grandfather,5,5
insult mother,1190,1450
ipoh laksa,4720,4720
iri hati,41800,41600
iron rings,40900,58300
iron rice bowl,23400,27500
irrit,38900,42400
is it,169000000,169000000
itchy backside,5200,5580
itchy finger,10100,10100
itchy hand,5300,8140
itchy mouth,6830,6380
itchy pantat,320000,329000
jade emperor,194000,194000
jaga,2040000,2310000
jahat,496000,457000
jak ba buay,4830,4800
jalan jalan,1110000,1110000
jambu,720000,670000
jangan,21000000,15500000
jangan catastrophe,3,3
jangan jangan,225000,145000
jangan tension,5440,5260
jantan,857000,890000
jatuh hati,129000,128000
jatuh heart,8,7
jazakallah,105000,98300
jelak,37500,35300
jeling,63900,66000
jelly cone,527,809
jelly cup,25300,26000
jemput,1610000,1500000
jemput datang,33300,39400
jemput jemput pisang,9570,9500
jemput makan,18600,18200
jenkol,2900,3340
jering,109000,888000
ji dan gao,8590,8660
ji dan gao fnb,31900,44300
ji gu pa,533,564
ji ji wai wai,9,9
ji seow,141,153
ji siao,281,271
ji wei fan,2800,2800
jiak,231000,244000
jiak ba buay,4830,4800
jiak bo liau,9090,8470
jiak buay liao,183,183
jiak buay pa,9,9
jiak cao,230,169
jiak chor,29,26
jiak hong,3350,3020
jiak kantang,2430,2600
jiak kor,4,3
jiak kuay kuay,85400,2
jiak lang,57,59
jiak leow bee,352,341
jiak lui,309,312
jiak pah boh sai pang,4,4
jiak pah pak ka chng,35300,35300
jiak png,651,651
jiak sai,3170,3130
jiak sior eng,85900,34100
jiak zua,2890,2900
jialat,123000,49700
jian dui,7730,7660
jiao bin,4330,5590
jiao geh,9,9
jiayou,68700,447000
jie jie,333000,327000
jijik,114000,117000
jilat ludah,3130,3220
jilo,72600,72900
jin,39900000,37100000
jio,4460000,4510000
jio is bo,8,8
jiu hu,9750,9920
jiu ming,24400,24400
jiu ming ah,94,90
jiwang,396000,394000
joayo,3990,4130
johor laksa,7470,7750
joli,31500000,21900000
jom,2630000,2380000
joss paper,66800,66800
jual jubo,135,136
jual mahal,34900,34800
juang lah,40,40
jube,304000,304000
jude,7710000,8180000
jugger,163000,161000
junior college,3060000,3490000
just nice,1290000,1290000
just right,10700000,7410000
k.o.,58800000,71700000
ka chng,1100,1470
ka chng itchy,5,5
ka ki kor ka ki,2,3
ka zua,292,403
kacang,2050000,2750000
kacang brain,5,5
kacang hantu,681,628
kacang putih,14600,14300
kacau,383000,400000
kacau daun,2420,2230
kacau leaf,126000,158000
kachau,6930,7060
kae ang moh,46,46
kah kana lum pa,47600,46800
kah kenna chiu,5,5
kah kia,425,411
kai kai,66900,71300
kai qiao,3300,3170
kain sarong,6040,4500
kain songket,27600,27700
kaki,18800000,19400000
kaki alcohol,75,75
kaki arak,700,1490
kaki bangku,9700,13600
kaki bazir,4,4
kaki betina,1200,1720
kaki bodek,3350,3470
kaki botol,5020,4870
kaki buli,4090,4070
kaki bully,46,43
kaki cabul,7,7
kaki cabut,366,392
kaki dadah,328,799
kaki gaduh,1580,2470
kaki gossip,166,166
kaki hutang,78,193
kaki jantan,218,218
kaki joli,207,202
kaki judi,4580,16900
kaki lang,3780,4270
kaki lepak,5900,11800
kaki lottery,7,8
kaki mabuk,4000,4880
kaki maksiat,341,630
kaki membazir,8,9
kaki mengumpat,110,110
kaki menyampuk,3,3
kaki minum,1790,2560
kaki party,1150,1130
kaki perempuan,21300,25300
kaki ponteng,1710,1740
kaki rape,372,4
kaki sampuk,4,4
kaki suap,10,27
kaki togok,164,275
kaki umpat,58,54
kaki zina,178,171
kaku,1180000,1300000
kalang kabut,48500,24600
kalimannu,12100,11700
kam buan,43,49
kam guan,287,287
kam muan,220,220
kam tong,8960,8950
kamcheng,16400,9040
kampau,2540,2560
kampung,11900000,12200000
kampung chicken,24200,20900
kampung ppl,4480,294
kampung spirit,24500,19600
kan bu qi,812,805
kan cheong,9940,17800
kan cheong pi sai,28,27
kan cheong spider,3110,3080
kan lin nia,53,53
kan ni lao bu,84,102
kan ni lao peh,22800,23600
kan ni na,3670,3700
kan sui kueh,1,1
kan ti tu,3750,3750
kang he kia,48,45
kang kor,3080,3020
kang tau,2280,2280
kangkong,122000,105000
kannu,58000,270000
kantang,72800,74700
kantoi,146000,431000
kao lat,680,641
kao peh,1990,2060
kao peh kao bu,809,1050
kapchai,10400,11000
kapoh,9800,11100
kar chng,2340,2300
kar chng kang,51,57
karaoke bar,141000,141000
karat,6620000,5710000
kari,23400000,22500000
kari laksa,14900,16100
kartun,1400000,2490000
karung guni,20500,20000
karung guni man,1590,2490
karut,64600,61900
kasi chance,5630,5680
kati,8310000,7470000
kati menggatal,4760,4710
katik,200000,22000
katik ayam,146,86
kau,5440000,4330000
kau peh kau bu,174,207
kawaii,30400000,31000000
kay,35700000,32200000
kay gau,494,326
kay kay,306000,82400
kay kiang,1850,1860
kay siao,944,766
kaya hati,14400,14400
kaya hutang,250,447
kaya toast,292000,414000
kaypoh,63700,71600
kaypoh chee,151,149
kaypoh kia,523,523
kayu,8360000,8810000
kayu tiga,9410,9410
kc trap,2680,2680
kci,237000,243000
kcs,4120000,4310000
ke ai,45000,10400
ke belakang pusing,858,859
ke lian,9510,9240
kebuluh,655,655
kechik,106000,104000
kecil hati,44600,43800
kecoh,211000,208000
kecohrable,627,627
kedah laksa,2450,2500
kedekut,75500,74800
kedenking,1,1
kee hiao,4,4
kee jiak,79,49
kee jiak ak,3690,380000
kee siao,1200,2120
keep to yourself,234000,278000
keep quiet,591000,585000
keep safe,346000,346000
keep secret,287000,290000
kek khi,96,97
kek lapis,80000,76000
kek lapis moden,621,621
kek lapis sarawak,27400,78300
kek sai,360,360
kek si,6800,6780
kekek,56900,56200
kelakar,371000,358000
kelam kabut,67700,71500
kelantan laksa,4750,5070
kelentong,16000,15800
keling,185000,193000
keling kia,1140,1140
keling pariah,955,957
kelong,187000,138000
kelong king,1120,1120
kelong queen,4,4
keluar baris,3010,1020
kembung air,1980,2010
kena,8680000,8760000
kena arrow,6340,6310
kena axe,36,35
kena bang,5270,6830
kena bantai,10800,6420
kena bedal,8,8
kena belasah,12000,8520
kena blast,203,211
kena box,356,498
kena buang kerja,10300,17300
kena cabul,2310,1890
kena catch,1110,955
kena caught,9720,9630
kena cekik,1430,796
kena cheat,885,869
kena con,4070,3990
kena control,3290,3450
kena corner,408,374
kena criticize,38,39
kena cut,4730,3990
kena drench,2,2
kena drill,388,410
kena fire,1050,896
kena force,581,514
kena geng bang,240,292
kena goreng,2990,4010
kena hammer,242,335
kena hentam,16700,13100
kena hit,3560,2980
kena hukum,14200,15700
kena jack,862,800
kena kelentong,2370,1530
kena kick,3800,3800
kena kick out,1460,1230
kena kiss backside,6,6
kena kondamn,4080,3980
kena kongkong,204,98
kena kutuk,14100,8990
kena lanyak,2160,1550
kena lempang,7250,6040
kena main,119000,123000
kena marah,96800,96300
kena paksa,127000,113000
kena pecat,14800,6060
kena perangkap,670,1020
kena play,5030,5650
kena politic,10,53000
kena prank,42200,24300
kena pressure,930,627
kena psiko,247,221
kena psycho,252,211
kena pukul,23200,23100
kena punish,475,504
kena qie,6,7
kena rembat,6610,5300
kena rogol,169000,163000
kena sack,650,852
kena sacked,487,453
kena sai,2050,2030
kena saiko,75,69
kena saman,47900,47800
kena scam,20500,11200
kena scold,2370,2320
kena screw,414,558
kena sekel,143,85
kena seksa,2380,1650
kena semek,1,1
kena sepak,4790,4730
kena slam,298,328
kena slap,1310,1170
kena smack,393,276
kena sound,10800,14500
kena squash,49,49
kena stomp,494,607
kena strangle,4,4
kena tangan,5850,7350
kena tangkap,116000,116000
kena tau pok,1,1
kena tekan,13700,11900
kena tendang,11900,11400
kena tiao,289,235
kena tipu,163000,163000
kena torture,551,504
kena trap,1020,911
kena trick,440,400
kena tumbuk,6610,4830
kena upside down,50,69
kena walkover,46,48
kena whack,3210,3160
keng,6900000,6810000
keng chio kia,76,78
keng gai,208,208
keng ka liau,6,6
keng king,672,686
keng queen,97,180
kengster,1220,1280
kening terperanjat,4,4
kental,656000,519000
kental shit,1180,15900
kentang,805000,814000
kentot,298000,310000
kentut,223000,230000
kenyang,299000,294000
kenz,200000,187000
keong hee huat chye,948,1040
keong kan,430,430
keow kui,2,2
kepala angin,5580,3110
kepala batu,18400,18300
kepala botak,30100,18700
kepala butoh,3600,2840
kepala crack,1,1
kepala otak bapak kau,30,29
kepala pening,10800,7580
kepala sakit,39500,42600
keps,350000,93100
kept woman,208000,209000
kera sumbang,3680,7070
kerek,112000,132000
kerepek,97400,101000
kerepek ikan,747,820
kerepek kentang,7410,8350
kerepek pedas,2560,2400
kerepek udang,881,807
kerisik,69400,30500
keropok,195000,174000
kesian,376000,396000
ketat,1540000,1980000
ketat ppl,3,37200
ketenteng,56,56
ketinggalan,1050000,1070000
ketot,15900,16200
ketuk,322000,290000
ketupat,394000,394000
kew ong yah,25300,25000
kfc man,4680,4680
khek,127000,47500
khia khia,605,553
ki chia,1300,1330
ki ho lang kan,6,6
ki si,112000,120000
ki si lang,100,46
kia cheng hu,157,115
kia lai kia ker,117,120
kia lang,554,554
kia si lang,271,262
kiabo,6500,5880
kiam,164000,168000
kiam chye,14600,14500
kiam eh,10,60
kiam lui,84,38
kiam pah,373,444
kiam siap,2610,2630
kiampa,853,770
kiao ka,587,607
kiao kar,327,332
kiao kar yo lum pa,7,7
kiap,27300,26400
kiap si,7,72600
kiapap,75,58
kiasai,496,540
kiasi,411000,68000
kiasiism,55,57
kiasiness,96,125
kiasu,309000,307000
kiasuism,6450,6200
kilat,599000,601000
killer litter,6650,5710
kim jio,1320,697
kim tang tang,348,345
kim zua,4820,4060
kimak,162000,161000
kimek,7240,6750
kin chio kia,4,4
kin chiong,112,91
kin kah kin chew,64,41
king,128000000,199000000
king jame version,439,439
kio tio,496,487
kio tio goo lan,8,9
kiss backside,1920,2080
kiu kiu kio,137,131
kiu mia,154,265
kiu mo,578,587
kiut,235000,231000
kiut miut,6060,6210
kiwak,23200,23500
kizhavan,826,672
kizhavi,339,318
knock out,809000,814000
knock bamboo pieces,1,1
knock it down,39400,39000
knock off,869000,869000
ko cha bi,742,2310
kodok,606000,664000
kolam,3670000,3770000
kolot,206000,196000
kong chiao weh,34,27
kong jiao wei,385,385
kong sar kong si,32,32
kong si mi,1190,1170
kongkong,102000,97300
kongsi,1290000,1420000
konjac jelly,43200,52200
konnyaku jelly,14200,18100
kontot,1550000,1560000
koo bye,8,8
kool,3530000,2620000
koon,8520000,3550000
koon king,1600,1600
koon queen,166,277
koot lat,4,5
kope,322000,315000
kopi,8840000,7320000
kopi c,25000,26400
kopi gau,1450,1450
kopi kia,1490,2840
kopi kosong,4250,4190
kopi o,136000,124000
kopi peng,8420,8700
kopi poh,928,919
kopi kia,1490,2840
kopi lui,663,712
kopi money,3750,3750
kopi sock,1630,1640
kopiko,42000,42200
kopitiam,1070000,972000
kor ka ki,6,2430
kor kor,46600,47600
kor lian,246,223
kor lian dai,33,38
korban,1120000,1750000
koro,326000,800000
kosong,5260000,6690000
kotek,559000,559000
kotta,247000,248000
koyak,262000,259000
koyok,21300,19600
kristang,28900,27500
kthxbye,40000,41200
kua si mi,413,391
kua simi kua,383,408
kuah beh ki,363000,413000
kuah buay ki,3340,9620000
kuah lang,80,92
kuah midnight,7,7
kuah suay,2,2
kuai,910000,943000
kuai kia,76,76
kuai kuai,7350,3410
kuai lan,2040,2100
kuai lan kia,79,79
kuat,7450000,7630000
kucing kurap,7920,4860
kudut,6260,6260
kuih,748000,693000
kuih abok abok,2560,2560
kuih akok,14600,14600
kuih akok kedut,1330,1240
kuih ambon,598,541
kuih bahulu,22900,23500
kuih bahulu pandan,244,244
kuih bakar,27800,27500
kuih bangkit,22300,20500
kuih batang buruk,4730,4730
kuih belanda,564,564
kuih bingka,28700,28800
kuih bingka pandan,2100,1980
kuih bingka sarang,3,3
kuih bingka ubi,7380,18100
kuih bingka ubi kayu,7950,7970
kuih bom,21500,24300
kuih bom pisang,1440,1690
kuih bongkong,1660,1580
kuih bronok,836,835
kuih cara,28500,28900
kuih cincin,10800,10700
kuih dadar,22400,21400
kuih dodol,1990,2020
kuih gandos,25,28
kuih jagung,2580,2580
kuih jongkong,9130,9030
kuih kamir,7230,6950
kuih kapit,67800,26800
kuih kasturi,8070,8230
kuih kaswi,29300,14000
kuih kaya,1810,1790
kuih kelupis,106,106
kuih koci,35800,41500
kuih kodok,1710,1800
kuih kosui,11600,11800
kuih koya,1320,1460
kuih lapis,49200,39800
kuih lapis sarawak,4480,4370
kuih legit,90,32
kuih lompang,24500,23500
kuih lopis,3580,1570
kuih makmur,20400,20400
kuih manja,1400,1380
kuih marmer,26600,24500
kuih momo,3720,1710
kuih pancong,6,6
kuih pie tee,8310,4280
kuih pulut,8630,9840
kuih rangin,1380,1950
kuih rengas,2560,2770
kuih sago,4600,4540
kuih salat,6810,6820
kuih semperit,11800,11800
kuih semprong,109,364
kuih seri muka,23300,24800
kuih siput,23700,23500
kuih tako,11900,11900
kuih talam,36800,37200
kuih tayap,3100,3130
kuih tunjuk tunjuk,191,194
kuih tutu,17500,1910
kuih wajik,2010,3960
kuku,957000,984000
kuku bird,3200,3220
kuku head,288,288
kuku jiao,858,858
kum cheng,909,1810
kum cheng trap,8,8
kum gong,2610,2540
kum gong kia,328,328
kum lan,2270,2160
kum lan kia,113,109
kum pooi,38,36
kumsiahamidas,3,3
kundi,367000,741000
kunji,235000,239000
kupon,729000,1350000
kurang ajar,267000,267000
kurus kedenking,1,1
kusut,392000,355000
kusut masai,5800,5680
kuti,375000,716000
kuti kuti,10100,18700
kutti,316000,317000
kutuk,229000,220000
kwa meenite,6,7
kwa hee,147,140
kway,762000,730000
kwiyowo,95,54
l-cube l-square,6,6
la jiao pang xie,148,150
la sai,10700,35200
lack common sense,19200,46200
lady boss,265000,244000
lagi,43600000,43000000
lah,6670000,4950000
lak seh,109,109
laksa ipoh,1920,1960
laksa kari,3450,5880
laksam,103000,102000
laling,27600,26700
lam nua,678,707
lambat,1400000,1480000
lambong,33000,32000
lame,18000000,13900000
lame answer,6080,6050
lame joke,29300,8070
lan,57100000,63800000
lan eh,4780,5000
lan tui,5780,5700
lan game,21100,205000
lan jiao,5050,10500
lan jiao bin,299,414
lan jiao face,130,130
lan jiao lang,362,304
lan jiao wei,649,629
lan lan,60800,55400
lan sai bin,2,2
lan sai lang,8,8
lan sai wei,2,2
lan si,20500,20500
lan tiu,89,89
lancing,651000,272000
langgar,267000,260000
langsat,373000,156000
lanjiao wei,299,290
lantak,70000,69900
lantak bapak kau,10,9
lantak kau,4200,4230
lantern festival,230000,234000
lanyak,68500,69700
lanzone,183000,180000
lao ban,55800,52900
lao ban niang,20500,21100
lao bu,4710,5940
lao char bor,814,810
lao chio,2750,3850
lao da,20600,21000
lao gong,31200,31300
lao hiao,162,162
lao jiao,85400,85600
lao kok kok,836,845
lao kwee,354,353
lao peh,14100,14300
lao peng,2030,1920
lao po,5280,5380
lao pok,780,765
lao shuai,221,221
lao tar por,944000,953000
lao ter khor,266000,35800
lao yah,93,94
lao yah pok,9,10
lao yandao,5,5
lapar,655000,657000
lasak,160000,324000
laser mouth,1690,1690
last time policemen wear shorts,362,382
last chance,3350000,3350000
last warning,182000,183000
lau ter khor,8,8
lau jiao,1110,1090
lau kau,2020,2090
lau kwee,517,513
lau lan,3060,3060
lau pee hui,411000,420000
lau pei huet,39000,17300
lau sai,6780,6510
lau yah,276,284
laugh die me,6390,6220
law by law,359000,359000
lawa,435000,430000
lazy bum,38000,38000
lazy to explain,280000,280000
lean body,470000,482000
leceh,49200,46800
lee hsien loong,1560000,1730000
legong,65200,53300
leh,2570000,6350000
lelong,1280000,671000
lemang,98500,113000
lemau,51700,50100
lembab,466000,431000
lembik,187000,188000
lembut hati,18300,14400
lemon tea,303000,307000
lempang,35200,42400
leng lui,12100,4610
leng zai,6810,6770
lepak,264000,239000
lepak one corner,10500,4780
lepat pisang,5940,14100
lerf,12900,12700
less means hor,2,2
lhd,3330000,1900000
li,189000000,166000000
li hai,259000,261000
li ho,343000,343000
li na beh,290,287
li na bu,1600,2420
li nao hiah,10100000,20200000
liak bo kiu,447,447
liam keng,1430,1450
lian,9370000,8050000
lian hei hei,5,5
lianglish,6,6
lianified,2,2
liao,6730000,7940000
liddat oso can,806,590
liddat how,994,1010
liek boh kiew,5,5
ligo raisin,323,382
like ah pek,1370,1660
like ah soh,287,285
like airport runway,1080,1160
like attention,138000,145000
like auntie,26000,25600
like grocery shopping,38900,38000
like lamp post,338,327
like makcik,630,597
like market,77100,360000
like nobody's business,70900,71700
like pakcik,76,76
like praise,17600,33900
like real,829000,1330000
like runway,13100,12200
like that,38700000,50400000
like that how,775000,845000
like tiang lampu,1,1
like uncle,27600,28100
like understand only,2,2
like unker,225,222
lim coffee,3430,3420
lim kopi,13700,13600
lim peh ka li kong,765,765
lim teh,5800,6050
limited english,418000,393000
lingua franca,479000,484000
lintah darat,13300,13500
lion dance,394000,1050000
lip lai,5800,5800
litter bug,8940,2090
little boy,7530000,4560000
little red dot,262000,254000
little strength,48200,76800
live firing,34300,33300
llst,146000,147000
lo hei,60500,59900
loan shark,115000,106000
loanmai,864,981
lobang,506000,562000
lobo,2910000,8630000
loh soh,2180,2070
lolex,13200,12700
lolz,423000,155000
lomance,4130,4070
lomantic,7530,7390
lombang,28800,29800
long bean,87500,87500
long chiam pas,136,140
long life,6710000,6710000
long long no see,348,348
long tio wu siah,5,5
longan,331000,347000
longkang,86500,89000
longkau,159,159
longkau chui,6,6
lontong,344000,361000
lood,562000,196000
looksee looksee,3200,9050
loosu,28900,28700
lor,10700000,11700000
lose face,53700,53200
lose money,467000,2480000
lost form,14000,14000
love letter,753000,673000
loving lion,9760,9370
low class,386000,395000
lppl,57400,56200
lu,54800000,90200000
lu lai lu lau lan,632000,588000
luan,1540000,1520000
luan luan,38700,38800
luan luan lai,1620,1620
luan luan zuo,236000,473000
lugi,232000,228000
lui,24300000,33700000
lui bin,2010,1230
lum pah,270,270
lum pah pah lan,46,46
lum pa bin,674000,1270000
lum pa ji,1,1
lum pa pa lan,178,178
lumpang,52600,59100
lumsing,16300,16800
lunar calendar,267000,248000
lup sup,2020,3360
lup sup bar,497,497
lurus bendul,6200,6080
ma chor poh,223,233
ma huan,41300,11100
ma si sa ko,10,10
maangaa,626,626
maapillai,8800,8180
mabok,430000,423000
macam,9850000,9560000
macam betul,13300,13500
macam biskut,3550,3560
macam faham,3010,2850
macam lamp post,64100,77100
macam macam ah,8510,8440
macam macam sia,4,4
macam macam siak,1,1
macam macam sial,6,6
macam macam siol,2,2
macam macam siot,4,4
macam paham,3990,3120
macam real,4430,3370
macam tak cukup makan,2100,2040
macam tiang lampu,311,323
macha,426000,1050000
machan,172000,177000
machi,995000,1050000
macnoner,9,9
madrasah,591000,530000
mah fan,1380,1380
mah jie,346,370
mai,73600000,74400000
mai gei lah,8,8
mai sng sng,162,120
mai beo,2130,2120
mai gay,289000,284000
mai hiam buay pai ai hiam kena sai,43,32
mai ka li gong hor li gian,8,8
mai la mai la wa mai,326,377
mai lai,33100,33600
mai siao siao,2500,5230
mai tu liao,27100,12200
main baju,2880,2460
main bedal,4340,4290
main control,369000,150000
main gila,8760,9190
main hentam,7820,7790
main jubo,3670,3670
main kasar,6750,6250
main kutuk,593,593
main main,301000,344000
main pantat,79100,60800
main rembat,857,851
main sondol,279,279
main tipu,3850,3790
main tuduh,1740,1870
main whack,66,65
majok,83400,84400
mak bapak tak ajar,382,367
mak kau,57600,58400
mak nenek,35400,35500
makan,20200000,16300000
makan angin,29600,42400
makan hati,29300,28600
makan session,14800,15000
makan shit,38,42
makan snake,150,150
makan suap,2510,5510
makan taik,4070,4180
makcik,342000,397000
makcik add,3,3
makcikfied,2,2
make noise,417000,417000
make prata,1550,2700
make way,831000,825000
making money,2140000,7470000
maknyah,22200,20200
maksiat,263000,261000
makwa,82900,86100
malas,4740000,2700000
malas nak layan,22400,16600
malay costume,10100,43600
malay cuisine,68800,81400
malay shaman,2820,2440
malaysia asal boleh,10,9
maling shit,48,48
malingsia,15900,15800
malty flavor,8110,7970
malu,3840000,3310000
mamak,480000,482000
mamak shop,8270,19300
mamat,285000,240000
mambo,3100000,1950000
mamee,116000,119000
mamee monster,19800,21200
mami jarum,5550,5540
mampat,57400,56300
mampoi,3460,3480
mampus,249000,253000
mana ada masa,49200,33100
mana eh sai,290,290
mana got masa,13100000,9070000
mana nak ajak,14200,14200
mana ooh eng,8,8
manage prostitute,140,140
mandai,1070000,1070000
mandi cowboy,414,410
mangali,88400,89800
mangkuk,373000,924000
manja,1290000,1250000
mannangkatti,186,206
mantao,23000,25400
mantat,12700,13000
manyak,429000,437000
map drawing,26700,93100
marah,1400000,1450000
marble cake,84500,79500
mark attendance,10100,5340
masai,1140000,1610000
masak masak,67900,65700
masala chai,99300,90700
masam manis,203000,170000
maseelis,8,8
mashallah,366000,364000
mass order,446000,436000
masuk baris,1060,528
mat,71000000,56600000
mat roker,230,231
mat bunga,7270,8980
mat emo,10700,10700
mat jiwa,1280,1760
mat kahwin kahwin,21,20
mat kental,646,506
mat motor,35500,35800
mat rempit,89000,90500
mat rep,1600,1670
mat rock,36800,36200
mat salleh,273000,78500
mat smart,42000,42000
mat taper,54,54
mata,27300000,19600000
mata duitan,82200,18500
mata keroh,4,4
mata kuching,14400,14400
mata lembu,6860,7410
mata mata,350000,138000
mata potek,73,54
match fixing,350000,355000
matcha,6300000,5180000
mati,8410000,8090000
maximum power,723000,719000
mc,107000000,90800000
mc king,75400,73700
mc queen,209000,206000
mcjiji,62,62
mcjiji food,334,748
mckkj,205,194
mediacorp,4530000,4410000
medical certificate,627000,627000
mee hoon,157000,159000
mei ban fa,812,813
mei jia jiao,249,248
mei liang xin,1340,1340
mei mei,172000,152000
mei nu,30500,29900
mei you yong,2320,2320
melampau,236000,224000
melebih,57200,58300
melebih lebih,3640,4140
melepas,447000,421000
meluat,31000,30100
membabi buta,35400,35700
membuta,22900,21300
memekak,13600,13300
memorize blindly,47,47
mempersiasuikan,2710,2610
men in white,3690000,3940000
mendak,31200,29400
meng kia long tio wu siah,4,4
mengada ngada,19900,20800
mengarut,55900,56200
mengumpat,56800,52800
mental hospital,180000,188000
mentel,238000,233000
menyampah,55700,57200
menyampuk,9560,14300
menyibuk,12000,12500
menyundal,3340,3350
menyusahkan orang,24700,27000
mepek,2880,3080
merajok,3000,2750
merajuk,122000,128000
merdeka generation,29700,25000
merengek,219000,214000
merengek rengek,4190,4290
merepek,60200,58800
meringue icing,3850,3860
merlion,4490000,4860000
merlion ppl,228,34600
mexico bun,1810,1780
mi mi,254000,254000
mian lui,108,55
miang,83600,104000
mianhae,11500,11600
mid-autumn festival,1050000,968000
military command,120000,338000
military design,262000,269000
military exercise,223000,216000
milo van milo,524,525
minah,595000,966000
minah bunga,1260,1330
minah emo,644,522
minah jiwa,8,23
minah kahwin kahwin,92,106
minah kental,57,57
minah motor,1850,1870
minah rempit,40500,53400
minah rep,314,289
minah rock,463,408
minah taper,83300,58100
mind your own business,146000,125000
mineral water,2760000,2880000
ming jiang kueh,667,586
mini packet,21800,22200
mini-packet,21500,21400
minor role,444000,468000
minyak,7830000,7470000
miskin,856000,711000
miss shooting target,13700000,14000000
miss the point,1180000,1160000
missed chance,35700,35600
missed opportunity,470000,468000
missed timing,655,655
missing tooth,47800,45700
miw,361000,359000
mix and match,5050000,5050000
mixed blood,164000,159000
mixed culture,62700,57900
mixed heritage,37700,97800
mixed vegetable,330000,338000
mixed vegetables,769000,900000
mklghlg,103,89
mkltws,5,5
mlmlwm,376,464
mm sam mm say,9,9
mm tzai si,47,57
mm zai,698,691
mna,481000,528000
mo,120000000,126000000
moh man tai,6,6
moh tau moh mei,1,1
moh tuck keng,2,2
moh tuck teng,81,83
moi,36200000,29100000
mommom eyeglass,237,237
mommom eyeglass chocolate,149,145
monetary gift,38900,61000
money crazy,251000,251000
money eyed,10600,9810
money face,269000,269000
money minded,29900,30400
money scam,75100,74400
mong cha cha,2420,2380
monkey see monkey do,99700,95600
monyet see monyet do,1,1
mooncake,543000,687000
mooncake festival,47600,56400
mootai,7720,7810
mor peng,117,117
more work,5480000,5330000
mosquitoes-infested,728,720
moulded cake,321,306
mountain tortoise,10200,10300
mounting anger,9800,9800
mouth got gold,1010,1010
mouth itchy,4360,4130
move aside,109000,108000
mu lao hu,228,228
muah chee,38100,30800
muddle-headed,77000,83700
muffadet,94,73
mug,29600000,22000000
mugger,421000,430000
mugger toad,116,117
muka blank,121,90
muka chee bye,1,1
muka crap,2,2
muka lan jiao,21200,19200
muka pecah,2860,2860
muka scrap,1,270000
muka stoink,4,3
muka stone,239,291
muka tebal,7300,5400
mulut berat,749,743
mulut besar,18400,13700
mulut buih,39,7
mulut chee bye,39800,37200
mulut itchy,214000,198000
mulut laser,3410,2400
mulut murai,4750,1880
mulut no insurance,1,1
mulut tempayan,3250,1660
mummy jarum,7,7
mundachi,431,420
mundam,7240,7010
mung bean flour,14700,14500
mungsat,178,139
municipal office,216000,217000
munjen,2420,2420
muntah blood,5,7
murah,29400000,33700000
murah hati,103000,106000
murah ppl,264,6
murah rezeki,128000,114000
muruku ikan,2070,3040
musibot,461,461
musibut,83,82
mutton rendang,16200,16500
my england not powderful,215,171
my foot,12400000,10100000
my one,11800000,10800000
myob,207000,281000
mythical creature,299000,97200
na beh,16700,16900
naataa,1370,1340
naayi,4550,4570
nabedous,2,2
nabeh,34600,33800
naggy,198000,192000
nah beh,2280,2270
naik angin,23700,14300
naik hantu,7590,7470
namaste,1040000,1330000
nangka busuk,1380,1370
nanny nanny boo boo,4570,4630
nanyang technological university,4760000,4420000
nao hiah,162,143
nasi goreng istimewa,11100,5880
nasi putih,278000,295000
nation builder,57100,178000
national service,1380000,1170000
national servicemen,91000,90700
navigation exercise,24500,5180
nbab,19100,19000
ncac,248000,248000
necroing,912,958
neh neh,32800,32600
neh neh ni boo boo,73,73
neh neh pok,1110,867
neighborhood game,17200,17500
nenek,1120000,980000
netizen,1090000,959000
never eat rice,7310,7380
never say early early,3,3
never see before is it,552,552
new bird,51700,69800
new rich,659000,421000
newbie,13600000,9570000
neyi,132000,118000
ngam ngam,22900,24300
ngeow,51300,57800
nhah,25300,25700
nhnt,5800,5590
ni hao,83400,82400
ni na beh,372,364
ni na bu,2890,8270
ni nao hiah,7,7
ni ni,283000,269000
nia,18400000,17300000
nia gong,143,138
nia gong de ji dan,6,6
niang niang qiang,157,150
night market,2370000,2120000
nine emperor gods,24200,24200
ninja van,367000,614000
nlal,11800,11900
nng ka peng,5,5
no horse run,9440,17800
no pakai,1420,1410
no sound no picture,7120,6910
no action talk only,10600,9930
no balls,399000,375000
no bodek,59,60
no brain,240000,241000
no choice,3540000,3120000
no excuse,1030000,1100000
no face,575000,580000
no filing,26900,30100
no fish prawn also can,551,562
no gahmen,321,282
no head no tail,5900,19000
no money,2230000,2370000
no money no honey nobody love me,10,10
no otak,1230,1230
no picture no talk,1500,1500
no shame,663000,765000
no speeyak,4,9
noob,2630000,2210000
nose-picking,127000,127000
not happy talk outside,328,328
not say i say what,75100,75100
not beng act beng,1,1
not chio act chio,4,4
not cool act cool,2,2
not cute act cute,2,2
not handsome act handsome,13100000,9550000
not hensem act hensem,14500000,13700000
not lian act lian,1310000,956000
not making,1120000,934000
not naise act naise,13200,43000000
not nice act nice,3,4
not pretty act pretty,3,3
not rich act rich,2,2
not serious,347000,331000
not shuai act shuai,306000,307000
not smart act smart,1,1
not tall act tall,1,1
nrar,31800,32300
nsas,54100,67500
ntat,56900,57800
nu qiang ren,234,233
nua,7850000,7120000
nvm,217000,624000
nyanyi sumbang,301,552
nyonya kebaya,17400,16800
ob marker,4430,4510
obasan,130000,125000
obiang,266000,271000
obvious answer,321000,321000
occifer,4280,4640
off,1290000000,788000000
off day,400000,387000
off beat cha cha,4080,4140
off duty,846000,872000
officer vetti,2,2
offshore island,33200,38700
often hang out,22000,20600
oh my tian,1720,1940
oi,40800000,39200000
okt,5790000,3980000
old bird,44900,163000
old generation,197000,202000
olden days,374000,376000
ombodhu,225,234
on,1470000000,1140000000
on lah,16800,15400
on charge,164000,388000
on guard,337000,313000
on off,35000000,30900000
on the ball,14400000,9250000
on the wrong ball,7210,7120
ondeh ondeh,122000,122000
one,916000000,900000000
one kind,489000,491000
one leg kick,6230,6490
one sided,2900000,2870000
one sided love,167000,175000
ong heng huat,847,1500
ong heng huat ah,5,5
ons,69200000,60900000
ooh ngya boh,8,41
ooh say,1210,1200
ooh ya boh,3,3
opeh,162000,157000
open one eye close one eye,295,265
oppa,596000,495000
oppies,23700,24300
opposition party,551000,570000
or che,43200,42300
or kwee keng,8,8
or kwee poh,142000,109000
or kwee tau,35,39
or sia hui,1050000,1080000
or-bi-good,1450,1540
orang cina bukan cina,1560,2030
orang putih,121000,116000
orange fruit,93600,94800
orange-coloured,144000,144000
orbi,736000,246000
orbi good,1600,1600
orbi quek,106,106
ord,9340000,7300000
orgas,799000,783000
orh,167000,179000
orh hor,1830,1860
orh pee sai,36,36
orh chee bye,2,1
orh gao,6020,5970
orh hoh,5,5
orh pee sai,36,36
otak crack,3,3
otak geliga,1490,1490
otak gila,2470,2470
otak kacang,201,204
otak kolot,301,279
otak kosong,3220,4910
otak kotor,8160,9220
otak lu,3050,3050
otak senget,312,295
otak sod,1,1
otak udang,11000,8120
otak yellow,9,9
otak you,1130,1130
otang,31200,30500
outfield training,1390,969
outside food,117000,234000
overseas chinese bukan china,285000,257000
overseas studies,62300,56800
ow bway kong,4,4
ow bway ooh kwee,5,5
owa peya som,8,7
owe money pay money,3890,3880
own time own target,24500,16200
ownself,111000,302000
ownself check ownself,9100,9300
pa jiao,1530,749
pack food,60900,170000
packet food,24300,23500
padan muka,59400,60100
paedo,185000,188000
paggro,1620,1640
pah buay see,2,2
pah buay toh,37,36
pah cheow bak,1,1
pah lan,474,475
pahala,756000,375000
pai,16300000,17000000
pai ang kong,26,33
pai char bo,464000,468000
pai cho,4460,4470
pai jiak,265,264
pai kah,129,130
pai kia,17800,9570
pai kwa,173,165
pai lang,4760,4830
pai miah,109,103
pai seh,15500,15300
pai sin,777,894
pai tau,30600,31600
pai than,1100,1240
pai thia,17700,15
pain,102000000,103000000
pak bang,9790,16100
pak chew cheng,214,210
pak kiu,2330,2320
pak puay kee,6,6
pak tor,6160,6000
pak zam,1010,1010
pakat,201000,191000
pakay,63400,61600
pakcik,298000,297000
pakcik add,1,1
paknyah,187,129
paktor,204000,204000
paktorlogy,1070,1180
pakwa,9860,9880
pala batu,655,655
pala botak,696,696
pala butoh,244,244
pala crack,114,114
pala otak bapak kau,2,2
pala otak kau,166,166
pala otak lu,6,6
pala otak mak kau,18700,18100
pala pening,174,185
pala pusing,4850,7780
palm leaf,338000,527000
panas,9720000,9710000
panas baran,18400,18400
panas hati,10700,10900
pancet,14500,13400
panchan,26400,26700
pandai,614000,877000
pandan leaf,136000,54700
pandey,28500000,27400000
pandi,202000,179000
pang chance,2010,2010
pang chui lao,9,38
pang chan,5540,15600
pang chiu,4930,4950
pang giu,48,49
pang jio,1420,1420
pang kang,7530,7400
pang kang liao,695,652
pang pooi,132,102
pang pui kee,3,3
pang sai,7930,7760
pang seh,1650,1700
pang seh king,6,6
pang seh queen,1,2
pang sim,2290,3300
pang zui lao,40900,41000
pangkeng,4850,4320
panjang tangan,130000,122000
panjang umur,164000,165000
pantang,535000,279000
pantat gatal,11100,11100
pantat itchy,3,3
pao niu,1730,1740
pao toh,1060,1070
pap internet bridgade,949,953
pap internet brigade,949,953
pap vampire,55,43
papa kedana,8670,7810
paper aeroplane,61300,59000
paper airplane,202000,460000
paper cone,54200,226000
paper general,92000,92000
parachi,150000,148000
paradesi,87700,86600
paraiyan,73600,74600
parking coupon,73800,72800
parking fee,246000,264000
party against people,10600,4720
party cube,21900,22800
partygoer,113000,114000
pasal,1760000,2060000
pasang,23500000,20800000
pasang telinga,6680,3580
pasar malam,436000,420000
pass motion,27900,21500
pass urine,163000,161000
patah hati,455000,94400
paternal uncle,62600,92200
patron saint,446000,452000
pattern chu kar liau,175000,149000
pattern more than badminton,4070,4040
pattern tzuay kuay badminton,53,53
pau,17000000,22600000
pau bak chang,5,5
pau chia,402,394
pau ka liao,172,185
pau ka liau,69,69
pau tau,726,808
pay and pay,519000,525000
pay up,602000,1120000
pcc,941000,1010000
pdmm,21900,21800
peanut brain,7510,7330
pearl-like,120000,125000
pecah,2340000,2680000
pecah lobang,2530,2080
pee thinnu,2,2
peidu mama,706,751
pek chek,6150,5910
pek tor he,143,143
pekak,122000,56000
pekak badak,3370,2180
pelahap,9850,9340
pelat,673000,642000
pelik,519000,496000
pemalas,150000,145000
penagih,133000,128000
penagih dadah,39700,39100
penakut,71800,72300
penalty fee,39900,44400
penang cuisine,10100,10100
penat,640000,625000
peng,26400000,26800000
peng mil,31,27
peng you,17600,17900
pengecut,82000,80700
pengsan,152000,166000
pening,689000,313000
pening kepala,99100,124000
penipu,818000,777000
penis retraction,697,725
penny pinching,281000,287000
people mountain people sea,8130,8180
peoples action party,15600,62000
pepek,974000,958000
pepero,52600,55900
perakus,591,625
peranakan,1920000,1530000
peranakan cuisine,67200,65000
perangai,316000,296000
perangai beruk,503,344
perangai buruk,5360,9540
perangai hantu,140,194
perangai pecah,10,32
perasan,415000,408000
perasan ah beng,10700,11000
perasan ah lian,21900,8
perasan baik,188,302
perasan beng,43100,45100
perasan besar,119,116
perasan big,10,7
perasan bijak,130,287
perasan busy,6,21
perasan cantik,1340,1960
perasan chio,11900,1630
perasan class,214000,60100
perasan classy,2,2
perasan clever,4,4
perasan comel,342,546
perasan cool,25,25
perasan cute,1340,1360
perasan fierce,24700,5710
perasan funny,85300,31600
perasan garang,2,2
perasan gerek,2,2
perasan good,9,9
perasan handsome,381,195
perasan hensem,4110,2450
perasan hot,306,661
perasan jamb,6640,4730
perasan jambu,65,46
perasan kaya,198,228
perasan ke lian,75800,104000
perasan kelakar,8,8
perasan kesian,32,10
perasan kiut,10,10
perasan lawa,522,935
perasan lian,4220000,6690
perasan lomantic,80300,164000
perasan macho,101,101
perasan marah,126,319
perasan mat,173,208
perasan mat salleh,151,158
perasan minah,38,50
perasan muda,792,792
perasan nice,4,3
perasan pandai,511,466
perasan pelat,1,1
perasan pretty,1680000,437000
perasan rich,1,1
perasan romantic,17800,25700
perasan sachok,213,107
perasan seksi,16,61
perasan sendiri,1030,1370
perasan sexy,6,7
perasan shuai,3080,3190
perasan slim,5,5
perasan smart,4,4
perasan strong,112000,40400
perasan sweet,2,6
perasan tall,35700,20500
perasan terror,4,7
perasan young,1,1
perbird,145,146
pergi mampoi,2,2
pergi mampus,6190,4530
pergi mati,5110,5290
perlis laksa,644,712
permanent residence,562000,691000
perng tang,10,10
perut kembung,55300,54300
petai,270000,228000
pew pew,325000,93400
peyi,782000,687000
pgo,1110000,655000
phewweet,5,5
photostat,288000,281000
phua chee bye,439,471
pi la,70800,74100
pi sai,3460,3460
pi sai country,51,37
pia,32200000,37900000
pia chui,230,209
piak,75000,75100
piak first talk later,119,6
piak piak,14700,7160
pian chiah,5860,5930
pian jiak,98,101
piang,96500,94600
pick up stick,236000,154000
pig ear biscuit,455,393
pigu,245000,246000
pijak,335000,334000
pijak kepala,6880,6880
pilu,355000,336000
pinkerton syndrome,47000,46900
pinkie lee,1800,1790
pintar,1340000,3450000
pioneer generation,48800,57000
pisaasu,4040,3740
pisang,2390000,2360000
pisang emas,40500,51300
pisang kelat,838,891
pisang keling,483,592
pisang kepok,20800,22000
pisang mas,25300,25600
pisang rajah,1140,1140
pisau cukur,98100,97500
plan fail,42000,42000
plaster mulut,29,75
plaster your mouth,3,3
plasterwork,158000,166000
play a fool,465000,648000
play catching,33300,33700
play cheat,97900,99600
play foul,24600,24200
play hard to get,2710000,2690000
play innocent,238000,238000
play play,1360000,1380000
play rough,482000,482000
play shirt,94100,94900
play tai chi,6730,7310
played out,1540000,1590000
please others,110000,110000
pleasure seeking,169000,168000
pledge loyalty,41800,38700
pls,50600000,26800000
plu,770000,979000
pocky,233000,192000
pocong,187000,172000
poda,1600000,1770000
podi,146000,163000
poh mata,1290,937
point finger,48100,50100
pok,1360000,1710000
pok kai,1580,1540
pok kai hum kar chan,6,6
polar snack,307,324
police and thief,274000,276000
politaik,17700,17900
polite address term,733,743
polite greeting,17200,16900
polite request,48600,47700
political discourse,263000,254000
political family,27200,27300
political party,2580000,2560000
politick,41900,41000
polo sweet,8420,21800
pon,18600000,13200000
pondan,83300,83600
ponding,218000,208000
pong kan,2580,2590
pongal,374000,434000
ponteng,130000,121000
pontianak,6120000,7810000
poo,8360000,9660000
poochandi,7190,6990
poon zui,5,5
pop corn durian,213,209
popiah,233000,259000
popiah goreng,6440,6430
popo fish muruku,882,882
popo muruku ikan,1420,1320
popz,147000,144000
por,139000000,127000000
por lan pa,85,85
posertive,453,465
potato wheel,2360,2990
potato wheel cracker,734,744
potong,3410000,3950000
potong ice cream,8250,8000
potong jalan,4120,4130
potong queue,2340,3720
potong steam,1440,1430
pounded dried prawn,279,287
pow ka leow,141,141
powder bath,15300,19300
powder form,184000,184000
powderful,22200,21800
powdery form,8180,7940
power,600000000,777000000
power to the kiduga,57,57
power to the kidugaan,72,72
poyo,291000,284000
pp,188000000,208000000
ppl,7150000,9110000
prata,7980000,6660000
prata dog,970,1180
prata flip,1300,1640
prc,11000000,11100000
pre-tertiary education,19900,19600
pregnant duck,4540,4530
prembry,51,50
prickly heat powder,27800,10300
primary school,36500000,27400000
pro,482000000,479000000
pro establishment,83100,79400
protect pride,467,797
provision shop,69100,59300
ps,118000000,130000000
pua chao,70,69
pua chew cheng,259000,248000
pua chu teng,49,16
puah liap,8,8
puas,2770000,2710000
puasa,1630000,1610000
public nuisance,70700,75500
public servant,323000,326000
public transport,25900000,24100000
pudding jagung,1710,1790
pudding marmer,249,247
pui,1680000,1620000
pui chao nuah,525,486
puki,2310000,2750000
pukimak,31900,30700
pukul,3450000,5200000
pulasan,30700,117000
pulau ntu,2380,2290
pulut,261000,279000
pulut inti,11800,12700
pulut panggang,17900,18800
pulut serunding,5480,6580
pulut tai tai,14000,6850
pulut tatal,5580,5590
pulut tekan,6700,6390
pumchek,297,297
pump full tank,2730,2340
pundai,502000,479000
pundeh,4170,4380
punnaakku,99,99
push pop,158000,154000
push up,5360000,7150000
puteri lilin,1800,1720
puteri salat,6210,6560
putus,1140000,1490000
pwd,1030000,1130000
pwn,524000,701000
pyaar,2120000,3190000
pyramid-shaped,347000,348000
q mo,31500,29000
qi guai,2050,2130
qia char bor,2,2
qia tar por,47500,48700
qin bo sai,1,1
qing ming festival,17500,19600
qq,20600000,21900000
qu si,12400,12400
qu yuan,102000,99400
quack medicine,18400,18400
queen control,23600,23600
rabak,65000,143000
rabak murtabak,94,97
rabak rabak,1010,989
rabaking,8,8
rabun ayam,1420,1430
rabz,30600,31500
rabz kebabz,215,215
rag-and-bone man,7280,7390
rainbow bread,18000,6430
raja blur,3,3
raja bomoh,23000,22700
raja bully,144,143
raja complain,4,4
raja kelong,94,94
ramadhan,2190000,2860000
rara,5050000,5770000
raya,34200000,31400000
ready already,21000,21000
real cheese pie,4,4
reconnaisance,114000,112000
red bean,461000,452000
red envelope,349000,117000
red face,631000,319000
red headscarf,5710,5970
red money packet,1620,785
red packet,222000,203000
red rough skin,1720,1720
red wrapper,4140,4070
regular soldier,24300,22400
rekey,165000,159000
relak,25100,23800
relak lah,3740,3720
relax one corner,4790,4720
release anger,153000,13500
rembat,56100,56300
remove testicles,852,854
rempah,703000,702000
rempah udang,21700,21900
ren,47300000,47900000
rendang ayam,220000,217000
rendang daging,73400,97300
rendang kambing,4890,4840
reservist,173000,172000
reunion dinner,141000,141000
rice bowl,725000,714000
rice cracker,139000,132000
rice flour,607000,597000
ring pop,137000,136000
rnostalgic,2,2
road hog,14500,14000
robert tao,759,753
rod mood,1700,1660
rogol,566000,534000
rojak,563000,474000
rojak bandung,10500,10500
rojak,563000,502000
rokok,820000,731000
role model,2340000,2650000
roll eye,13500,1970
rosak,313000,277000
rosy complexion,3820,3550
rotan,566000,745000
roti,8520000,8180000
roti bakar,483000,484000
roti john,74300,65400
roti kaya,38700,8130
roti prata,171000,191000
rotten jackfruit,150,156
round face,210000,211000
round stomach,9210,9210
roundish shape,4400,7100
rubber stamp,550000,544000
rugi,2300000,3080000
run lion,7450,7400
run road,443000,450000
rush home,136000,133000
sa la kau,337,278
saamy,194000,191000
saat,71300000,55300000
sabo,704000,1440000
sabo king,6320,6380
sabo queen,930,2080
sachok,14300,13300
sad case,56500,56300
sadded,14300,14700
saf 100,14700,14600
sah kah,4110,3970
sah kah tzua,3,3
saht,51800,50700
saht saht,1060,1060
saht saht boh chioh,9,9
sai kang,9930,9700
sai kang warrior,2230,2620
saithan ke bacha,3,81100
sakali,164000,162000
sakar,865000,886000
sakit,12700000,10700000
sakit hati,384000,376000
sakit jiwa,144000,145000
sakit kepala,473000,454000
sakit otak,8710,7730
sakti,1480000,1540000
salah,31400000,31600000
salah parking,1530,1550
saman,1330000,3030000
saman auntie,207,214
saman uncle,709,787
saman unker,1,1
sambal cuka,2770,2560
samdol,5740,5620
same age,690000,637000
same day celebration,6,8
same religion,234000,237000
same sex,4320000,3930000
sammy boy forum,9570,9510
sampai hati,51800,51800
sampai tua,48800,49000
sampat,141000,374000
sampuk,8550,8310
sampuk menyampuk,28,44
samseng,97400,34800
samseng kia,104,106
samster,141000,138000
samsui woman,6770,6640
san nin fai lok,546,587
san por,20300,20300
santan,563000,547000
sapau,4690,4960
sape cakap,3190,3370
sappe matter,4,4
sapport,85500,85900
sapu,445000,393000
sar suku,9,43
sarabat stall,3550,6480
sarakku,14900,14700
sarang,3450000,3110000
sarawak laksa,38500,42000
sarawak origin,339,321
sardine,511000,538000
sargen,498000,525000
sarong party girl,5400,14400
sarpork,3160,3260
sarsi,195000,460000
sarsi float,451,675
sarung,2910000,2800000
satay fish,5390,7300
satay sauce,157000,161000
satay stick,55700,6350
satki,40100,41300
sattaikaran,172,141
satu badan angin,10,10
sauce,80600000,75700000
save face,129000,111000
save money,15300000,15600000
save yourself,1140000,1080000
say again,348000,347000
say her,533000,523000
say him,126000,126000
say first,464000,474000
say me,395000,390000
say me say yourself,3,2
say people say yourself,300,5080
say so,1630000,1600000
say somemore,286,305
sayang,6860000,6700000
sayang seh,108,107
scare die me,858,910
scared what,15400,54300
scarycat,1280,1300
scissors paper stone,27800,10500
score point,103000,103000
scrap face,4670,4700
screw inside out,386,386
screw loose,71200,71300
seafarer,391000,382000
seafood cracker,9180,4540
seasoned seaweed,49600,50600
seaweed chicken,11700,11900
second class citizen,116000,117000
sedap,7200000,7950000
sedih,1120000,1200000
seductress,5680000,8960000
see first,465000,478000
see how,186000000,187000000
see me no up,88100,87600
see me small,52800,52800
see mirror,39700,39700
see see look look,12800,19200
see the leg ah,17900000,18400000
see what,104000000,104000000
segan,744000,719000
seh,6830000,8270000
seh bin,2640,3840
sei,43000000,31600000
sei bat po,8,8
sei chor,66,66
sei lou,457,458
sei yan tau,33,33
seik bai,9,9
sek,71600000,68100000
sekali,19800000,19300000
sekel,50600,307000
sekel kepala,102,173
seksa,382000,387000
selar,92600,87400
selasih,204000,197000
selekeh,15800,14400
selendang,178000,181000
selenge,244000,239000
self-pwn,2940,2560
selipar ah pek,8,9
selit,155000,156000
sell my backside,1550,1550
semangat,3700000,3700000
sembunyi muka,217,360
semek,21700,21700
semme,81200,81400
semperit,67500,70100
semula,2470000,2230000
senang,4250000,4080000
senang diri,11000,6740
sendiri buat sendiri tanggung,855,918
seng lee cho tua,4,4
sengau,9230,9090
senget,170000,173000
sengket,2450,3280
senju,112000,123000
sensitive issue,371000,367000
seow,811000,810000
seow eh,185,187
sepet,878000,851000
seram sejuk,17700,17400
serani,221000,201000
serunding ayam,12000,11700
serunding daging,11800,14900
serve you right,260000,312000
sesame ball,97100,85000
sesame seed,253000,358000
set,1090000000,1160000000
set result,62500,62500
set!,1070000000,1160000000
settle,52200000,35600000
settle outside,13600,13500
seven morning eight morning cry father cry mother,7,10
seventh month,67400,194000
sewel,293000,290000
sewer serpent,78,78
sewer service,119000,123000
shaddup,16700,16500
shag,9000000,18100000
shake head,121000,121000
shake leg,18900,8570
shake leg company,9,9
shame on you,445000,712000
shame shame,164000,172000
shame shame babu singh,2,2
shaved ice,241000,247000
shee shee,3060,10400
shi fu,195000,44800
shift bell curve,3,6
shiling,433000,425000
shingz,21700,21700
shiny wrapper,1930,1930
shiok,409000,393000
shiok sendiri,3160,3340
shit face,91800,89700
shit pants,20400,26800
shitapore,53,53
shitaporean,4,4
shitapura,440,440
shooting drill,28700,5270
show face,598000,612000
show half ball,486,473
show superiority,43600,43500
showflat,324000,343000
shredded bamboo shoot,2660,2690
shuai,387000,411000
shuai dai,2970,3690
shuai ge,9010,8860
si beh,9670,9540
si beh sian,225,227
si bak kau,210,211
si fat guai,25,25
si ginah,100,99
si mi,653000,633000
si mi tai ji,93,82
si noong kia,34,32
si suah lai,6,6
sia suay,6930,7340
siah,234000,230000
siak,447000,458000
sial,840000,378000
sial lah,8510,8470
sialan,172000,175000
siam,14100000,14400000
siam bu,22300,28700
siam one corner,187,186
siam tiu,329,328
sian,7690000,8210000
sian half,2740,2650
sian jit pua,277,269
sian tao,222,192
sian tao ong,50,44
siang kah pager,119,132
siang siang tak cakap,2,2
siang siang tak nak cakap,1,1
siansation,771,767
siao,386000,308000
siao cha bor,312,320
siao ding dong,534,543
siao kia,2420,2420
siao kow,25,25
siao lang,11500,11400
siao liao,12100,20800
siao on,4810,6860
siao peng,409,413
siao tar por,28500,27800
siapa cakap,25900,24600
sibeh,75700,35200
sibuk,1660000,1630000
sibuk sibuk,23900,23800
sicko,527000,564000
sign 1206,405,294
sign extra,4680,4980
sign on,5740000,3870000
sik fung,92,88
sik pau mei,1,1
sillpore,108,94
silly goat,3060,2880
silly toad,98,77
sillypore,11200,11200
sillyporean,66600,66600
sillypura,3,3
sim cheng bo ho,1,1
sim tia,3120,3140
sim tiah,316,359
sin ga po,4980,5000
sin jiao,143,147
sin ni kuai lok,42,41
singabloodypore,4770,4270
singapolang,10,216
singapower,623,596
singapura,25000000,24200000
singlish,344000,308000
sinkek,1090,1260
sinkie,129000,131000
sinseh,33100,37100
sio,1440000,1850000
siol,83300,408000
siong,2360000,2040000
siot,41900,159000
sirukki,12700,12600
sivan sothu,10,9
slap hand,14000,16800
sleng,355000,360000
slim mlim,100,100
slip inside,205000,204000
small kacang,134,135
smart-aleck,73900,76100
smelly face,24900,25000
smoke,74000000,57500000
smooth talker,101000,101000
snail-shape,43800,9160
snake king,158000,11400
snake queen,27300,5930
snap a shot,158000,161000
sneered at,154000,148000
sneeze non-stop,250,243
sniff glue,8540,2740
so,1190000000,1030000000
so how,10600000,13600000
so now how,319000,315000
soc,35200000,45100000
social climber,110000,109000
sock-shaped,2930,2910
sod,8940000,7800000
sod dot,920,981
sod sod,20900,20400
soft bun,42900,42900
soft jelly,138000,150000
soh chai,8100,2440
soh si,1420,768
sohai,109000,110000
solid,177000000,161000000
solo kia,6380,6100
sombong,611000,553000
something wrong up there,1590,1590
sondol,17700,17800
song song gao jurong,1510,1430
songket,251000,267000
songkok,101000,88500
soon li,19300,19700
soothu,278000,91400
sor zai,170,201
sorry naik lorry,223,223
sorry no cure,53100,53100
sot sot,13600,4300
sotong,439000,399000
sour look,19000,31900
soursop,217000,195000
soursop puree,3690,11400
speaking siak,4,4
specky,266000,266000
spectacle chocolate,546,547
spg,4700000,5080000
spiak,10100,10400
spin cracker,203,642
spinning top,222000,230000
spoil,6900000,4220000
spoil market,5930,6170
sponge cake,310000,308000
spot on,14800000,11600000
spout nonsense,7060,7000
squeeze through,36500,35400
stable pah marble,240000,248000
stand by bed,54400,65200
stand by universe,2460,2370
standard,608000000,500000000
staple mulut,1,1
staple your mouth,6,6
stay,613000000,674000000
stayber pah marber,2,2
steady,69100000,57100000
steady hand,258000,274000
steady pom pee pee,627,642
steali,13900,14600
steali pom pee pee,7070000,10100000
steam,65000000,74100000
steamed cake,60800,74800
steamed glutinous rice,31000,34400
steamed nut,160,180
step,507000000,508000000
step ah beng,95,116
step ah lian,3,3
step angry,32700,32700
step baik,856,882
step beng,324,324
step besar,525,525
step big,3050000,2920000
step bijak,1,1
step blur,588,545
step bodoh,8,8
step busy,23200,23200
step cantik,1530,1520
step chio,78,85
step class,112000,112000
step classy,9,59600
step clever,7460,7490
step comel,5,5
step cool,54500,54500
step cute,636000,650000
step fierce,8620,8520
step funny,62800,67400
step garang,43,35
step gerek,339,390
step good,411000,411000
step handsome,158000,163000
step hensem,6,6
step hot,2420000,2260000
step jamb,5,5
step jambu,202,166
step kacak,7,7
step kaya,2620,2620
step ke ai,16200000,13600000
step ke lian,865000,789000
step kelakar,4,4
step kesian,5,5
step kiut,1,1
step kuai,4,2
step lawa,41,41
step lian,290,318
step lomantic,16100,84700
step macho,26000,25500
step marah,7,8
step mat,8460,48600
step mat salleh,4,4
step minah,139,290
step muda,495,520
step nice,398000,398000
step pandai,146,144
step pelat,85600,92400
step pretty,331000,345000
step rich,49600,52700
step romantic,83300,84700
step sachok,6,6
step sad,7060,7150000
step sedih,8,8
step sek,378,378
step sexy,1420000,1480000
step shuai,4,4
step sibuk,4,4
step slim,163000,163000
step smart,65800,65800
step stupid,14700,15900
step sweet,385000,399000
step tall,102000,104000
step terror,2240,2250
step young,841000,841000
stewpiak,5,5
stewpig,3190,3130
stick game,24100,29200
stick to rule,140000,140000
stick-shaped,25000,25000
sticky rice,511000,529000
sticky rice dumpling,12900,12800
stinko,31200,30100
stir fried turnip,11100,12000
stir shit,26500,26600
stoink,956,956
stoink face,2,2
stomp it,118000,115000
stomper,243000,237000
stone,192000000,142000000
stone face,74600,82800
stoner,9470000,13000000
strawberry generation,6480,6480
street smart,377000,329000
string game,78200,79400
study mama,6090,25300
stun,842000,1590000
stunned like vegetable,2030,1990
stupiak,14100,14200
stupid mistake,103000,103000
stylo,812000,901000
stylo milo,6210,6220
sua par kau,1,1
suaku,8690,6050
suan,1010000,1110000
suara sumbang,17700,17400
suay,112000,119000
suay suay,7840,7840
sub standard,259000,240000
subhanallah,409000,395000
submissive husband,274000,277000
subtle anger,401,401
suck thumb,39600,38500
sud sud,49800,394000
sudah,39800000,41700000
sudah lah,43200,32200
sugee,40200,40500
sugoi,140000,136000
sui,52800000,55700000
suka,34000000,38000000
suka hati,99800,99100
suka hati lah,5350,3900
suka suka,277000,628000
sukati,22100,21300
sukati lah,160,177
suku,6910000,8770000
sumpah,808000,813000
sundal,322000,328000
sundry good,2010,2000
sup sup sui,406,423
super ring,102000,49700
super white horse,3070,3550
superior absent,300,300
support dari belakang,955,1650
sure anot,4740,4730
sure can one,35200,35200
susah,3860000,3260000
susahkan orang,2390,4070
sutun,19100,18800
swaku,2440,2440
swee,6290000,6300000
swee swee,23400,23400
swee swee boh cham chwee,1,1
swee swee boh kay chwee,8,8
swee swee boh zhao chwee,2,2
sweet like diabetes,5,5
sweet nothings,310000,315000
swing tangan,62,50
switch off,1110000,1140000
switch on,2400000,2070000
switch stance,11500,11000
syncopant,30,30
syt,192000,174000
t drops,24700,25000
tabah,288000,599000
tabah hati,1220,1220
tactical movement,14500,65000
taf club,3000,3020
tagih dadah,267,286
tahan,8230000,7890000
tahi arak,108,109
tahi dadah,173,222
tahi gossip,5960,5970
tahi hutang,6,6
tahi judi,631,2170
tahi kucing,3490,4760
tahu,12800000,16300000
tahu goreng,73900,72800
tai chi,972000,1120000
tai chi master,20300,22700
tai tai,271000,310000
taik,382000,373000
taiko,541000,552000
tair,377000,373000
tak ada brain,6,6
tak ada filter,3810,3200
tak ada otak,14500,9070
tak ada standard,5000,3320
tak apa,423000,330000
tak betul,136000,135000
tak boleh,1370000,1220000
tak boleh angkat,16400,16600
tak boleh angz,9,9
tak boleh make it,498,437
tak boleh tahan,99800,119000
tak boleh take it,284,248
tak cakap siang siang,129,84
tak guna,180000,143000
tak jalan,50100,55600
tak kena,414000,375000
tak kuasa,51700,126000
tak larat,80300,60100
tak logic,1500,1600
tak makan saman,2250,2240
tak nak sua,1,1
tak nak sudah,2110,2120
tak nak tak apa,4,3
tak nak takpe,1050,824
tak pakai,301000,295000
tak pe,44000,42600
tak sanggup,209000,132000
tak senonoh,86900,50400
tak tahu malu,38700,17200
takde bodek,30,46
takde brain,8,6
takde filter,544,484
takde hal cari hal,5,5
takde hati,2000,1550
takde otak,1460,2240
takde pasal cari pasal,245,238
takde problem cari problem,2,1
takde standard,609,435
take away,11900000,11200000
take without permission,8820,8700
take you go market sell,241000000,412000000
talam ubi,26200,26200
talam ubi kayu,10600,10200
talcum powder,163000,858000
talk 3 talk 4,1960,1870
talk big,588000,615000
talk bird,6650,1530
talk cock,268000,285000
talk cock sing song,6490,7120
talk loudly,45100,45500
talk nonsense,111000,110000
talk rot,12300,10300
talk rubbish,24900,24600
tamade,22900,22200
tamago boro,1840,678
tambah,8830000,4080000
tambelan laksa,216,210
tampan,682000,711000
tan boh chiak,8,8
tan chiak,544,631
tan chiak peng,6,6
tan colored skin,1560,1530
tan ku ku,2220,2250
tan lui,4770,1970
tandoori masala,53800,59700
tang chek,1060,1070
tang kee,11500,10400
tang ku ku,117,121
tangan itchy,3,3
tangkai jering,3560,4800
tangkap,935000,750000
tangkap chio,8440,8540
tangkap emo,5,3
tangkap feel,162,175
tangkap feeling,220,155
tangkap feeling feeling,1,204000
tangkap glam,6,6
tangkap glamer,84,6
tangkap glamour,84,76
tangkap handsome,128,106
tangkap jamb,2320,1
tangkap jambu,118,134
tangkap jiwang,331,292
tangkap lawa,2,3
tangkap macho,4,4
tangkap sweet,3,3
tank crew,342000,375000
tankee,34300,9550
tao eh,30100,29300
tao yen,1110,388
tap water,1650000,1680000
tapi,23200000,22700000
tapioca flour,76300,73500
tapioca pearl,40200,36900
tar por,12500,12400
target practice,440000,440000
tarik harga,4320,4900
taruh hati,80,82
tau geh,31200,1740
tau hong,4550,12700
tau kee,8300,7700
tau tiah,43,47
taught a lesson,346000,377000
taupok,20200,23900
tear piak shoot,5,5
tebal muka,7400,13900
techno chee ko pek,4,3
teddy biscuit,4970,8210
tee kee,3310,3190
tee nya kueh,31,33
teh,20400000,20400000
teh gu,481,504
teh gu lai liao,3,3
teh kosong,8100,8110
teh lum pa chi saht,5990,178000
teh masala,1200,1200
teh pao,317,334
teh tarik,358000,353000
teh-C,31300,29900
tei mia,260,449
tekan,1750000,881000
tekan session,456,435
telekung,120000,132000
telinga gajah,4580,4370
telinga tak korek,4,4
telt,1090000,1120000
telur mata lembu,1470,1600
temasek holdings,380000,411000
temasick,2970,3140
tembalik,87,96
tempat biasa,23200,23000
tempat regular,114,57
tempayan mouth,4,3
teng teng,31000,30600
tengik,32300,28400
tengok kaki ah,3,3
tengok kaki lah,7,5
tengok kaki sikit,2,2
teochew cuisine,61500,62400
tepi sikit,13500,5070
tepuk sebelah tangan,1090,1430
tepung,1460000,1110000
tepung gomak,6230,8080
tepung gomak fnb,408,729
ter bak chek,2,2
ter bye,95,86
ter tau,817,832
ter tau ter nao,410000,400000
terbaboom,136,155
terbalik,991000,979000
terengganu laksa,1950,1890
terh,44300,22400
terkongkong,5140,5610
terperanjat,46700,45500
terperanjat beruk,503,542
terror,27300000,19700000
teruk,870000,960000
tetek,2910000,2690000
thaathaa,1140,992
thaipusam,183000,179000
thalai,127000,128000
thambi,378000,359000
than chia peng,5,5
thandachoru,61,67
thangachi,146000,141000
thangam,64500,81300
thanz,33800,33400
the peng,49200,48900
then you know,17200000,19700000
thiam,475000,485000
thick-headed,46600,47400
thin disc candy,12700000,13700000
thin flat dough,184,197
thin wafer,41700,43100
thin-skinned,175000,46000
thoolu,254,284
thoongumoonji,95,70
thousand layer cake,17000,17000
throw marbles,171,172
throw smoke,3930,3850
thru,37700000,42900000
thulukkan,191,168
thulukkar,305,277
thx,8480000,6020000
ti gong,27400,27200
ti gong tia gong lang,1,1
tia,18800000,14500000
tia bo,3760,3750
tia gong,5060,4960
tiam,213000,206000
tian mi mi,27100,27300
tidak apa,396000,317000
tidur tidur ayam,2730,1320
tiger mother,26800,34500
tiger show,57800,59500
tikam,97100,102000
tikam tikam,32400,25100
tiko,391000,375000
tiko pek,319,680
time lambat,1010,784
tin teh,2070,2110
tio,20300000,25100000
tio beh pio,516,476
tio kan,1200,1200
tio stomp,188,224
tio stun,242,241
tiong,6390000,6730000
tiong xim,120,122
tionged,231,231
tiongified,3,3
tipu,2100000,2080000
tipu duit,7850,7830
tipu feeling,5,3
tipu money,255,174
tir ko pek,4,4
tired die me,610,589
tiu,497000,462000
tock tock man,5,5
togok,28000,27100
togok session,59,59
toh,11400000,9430000
tok chai tau,4,4
tok kong,10800,11000
tok sad,10100,10600
tolong,2930000,3120000
tolong lah,36600,28800
tolong lah sikit,1680,773
tolong sikit,6000,4530
toman,661000,1180000
tombalik,424,424
tompang,14300,14300
tong keng,8730,8850
tong shu,12200,14600
tony tan,244000,279000
too lan,7060,6880
too free,485000,516000
too noisy,489000,520000
toot,410000,447000
topo general,180,176
topo king,821,824
tor hwee,135,141
tora,8630000,6460000
touch lottery,1060,1060
touch wood,52200,56200
tow kong,335,324
towkay,70000,70400
towkay neo,2320,2370
town council,562000,567000
traditional brew,7640,7510
traditional chinese medicine,872000,816000
trouble others,9220,9220
tru,9100000,8840000
tsao,457000,443000
tsao kng,1,1
tt,62200000,48300000
ttm,3020000,763000
tu hao,37200,37000
tu lan,11700,35100
tua,57600000,56700000
tua bangka,21200,20600
tua ganyut,509,530
tua kang,6360,6360
tua kee,3660,3690
tua kerepot,1240,1260
tua liap,1910,2040
tua pai,1160,1210
tua pek kong,96700,97500
tua pian sian,6,6
tua tao,915,872
tua teow,135,115
tuang,167000,417000
tuang king,84,101
tuang queen,4,4
tuangster,3,3
tube-shaped,141000,140000
tudung,17100000,9610000
tum sim,1390,4340
tumbuk,212000,198000
tumpang,563000,571000
tumpang bahagia,836,619
tumpang gembira,9220,6160
tumpang happy,2650,2000
tumpang sad,3,2
tumpang sedih,872,874
tung shing,12000,35900
tunggu lama lama,49400,49500
tunjuk muka,14300,13900
tup pai,45,45
tutup one eye,2,2
tutup satu mata,811,577
tutup sebelah mata,3380,2980
twisted mind,155000,164000
twisties,115000,150000
two players,2180000,1230000
ty,65200000,74100000
tyco,601000,618000
tyvm,121000,122000
tzai,53800,53400
tzai chiu,4780,4840
tzai si,62,56
tze char,70600,63500
udderwise,559,563
uh uh sia,5,5
uh uh siak,52000,137000
uh uh siol,493,516
uh uh siot,56600000,60100000
ular,4590000,3810000
ular king,4990,5360
ular queen,19,52
ulu,3470000,3880000
uluated,64,60
um chio,691,693
umph,243000,242000
un-glam,20900,22300
uncle,38800000,30300000
uncle ice cream,3050,4700
unclear vision,4860,2510
unclefied,3,3
under table money,2790,2930
understooded,984,865
unglam,18100,17400
untahanable,32,32
up,1270000000,1210000000
up the lorry,44300,151000
up there,6920000,6920000
urbanista,76600,269000
vaisakhi,53700,198000
vanakkam,63300,64100
vennai,7170,7240
very the,5200000,3150000
very what one,4730,4730
vesak day,256000,271000
vetti,152000,159000
vetti officer,6000,6000
viet bu,4630,5480
void deck,253000,191000
vomit blood,102000,223000
vpl,7330000,8270000
wa kao,2280,4470
wa lan,6010,5880
wa lau,10800,11400
wa piang,1430,1430
wa seh,4260,4240
wa siao,422,418
wah,9830000,9100000
wah lap,770,953
wait long long,49800,48200
wake up your idea,266000,391000
walk walk,125000,39600
wandering spirit,52700,66700
wang ba dan,9170,9170
wang qing shui,2220,2210
wang wang,80800,82600
wash photo,4530,4480
waste air liur,4,5
waste duit,162,174
waste effort,9040,9110
waste money,414000,164000
waste saliva,456,441
watch out,6560000,5710000
wax apple,49600,50800
wayang,676000,853000
wayang king,2670,2680
wayang pek ji,27,27
wayang ppl,220,39
wayang queen,183,196
weeweet,198,198
wenla,1290,1270
wet market,375000,368000
wet wet water,76700,76600
weva,119000,121000
whack,2050000,1750000
whacko,25900,26300
whacky,354000,340000
what,1290000000,1210000000
what done,144000,144000
what lah,4000,4110
what look look,677,20300
what talking you,4870,1580
what the fish,1330000,1240000
what the shit,621000,589000
what thing,166000,166000
what to do,68200000,50400000
what-squat,4950,4840
wheel cracker,1450,1590
where got god in heaven,5,5
where ada time,1,1
where got,70800,75300
where got time,12300,16000
whew,605000,567000
white devil,310000,323000
white face,535000,535000
white horse,645000,636000
white rabbit,808000,808000
white robe,56100,81100
white spider,22400,101000
why you so liddat ar,130,107
win oreddy,25,26
win liao,18000,16400
win lottery,421000,406000
winter solstice,305000,337000
woi,521000,497000
wont die,36600,36000
woo hoo,80500,307000
woodbridge hospital,16200,15600
worf,268000,271000
workers party,588000,628000
working class,4010000,4060000
worn out,1350000,1620000
worry about grades,19600,19200
worry about reputation,5840,5750
wound dressing,139000,141000
woven fabric,1170000,1160000
wowie,106000,372000
wowo,181000,168000
wowo king,431,432
wu hee kwa,179000,180000
wu hua,97800,98500
wu hua guo,1450,4670
wu kok,3750,1460
wu liao,13200,13600
wu lui,783,848
wu sim,510,632
wurf,469000,460000
xdd,685000,296000
xhh,198000,197000
xia lan,7920,7730
xia suay,7790,8000
xia lan,8010,7730
xiang jiao ren,592,595
xiao di,91900,17300
xiao di di,5550,4680
xiao long bao,233000,225000
xiao long nu,2620,4830
xiao man tou,954,1530
xiao mei mei,7790,8380
xiao qiang,26300,14400
xiao san,18100,7710
xie xie,237000,239000
xin nian kuai le,15600,13200
xin tong,530000,21100
xingfu,321000,325000
xinyao,62800,61100
xln,75200,353000
xmm,217000,245000
ya right,62000,69600
ya siol,67,66
yalor,17100,16700
yam paste,64600,63300
yam seng,25200,13300
yan yan,205000,214000
yandao,30000,29100
yang or,18700,74800
yat keok tek,49,46
yau kwee,268,270
yau mo gau chor,49,50
yau siu,2840,2840
yau siu kia,9,9
yaya,14500000,18100000
yaya king,406,403
yaya papaya,13400,13800
yaya queen,835,2000
ye eleh,55,56
yeh yeh,54100,157000
yelah tu,1360,1480
yellow minded,2470,2520
yest,386000,392000
yeye or,1190,1170
yeye pantat,4,4
yistana,1330,1380
you think i thought who confirm,1850,1840
you want 10 cent,739,733
you mei you gao cuo,27,25
you say i say who confirm,116,114
you talk i talk who listen,61700000,64900000
you tiao,59200,63800
you tot wat,26600000,14400000
young ruffian,3500,3550
your father own this place,149,149
your father own this road,7,7
your grandfather's place ah,3,3
your grandfather's road ah,447,422
your head,19600000,19600000
yu sheng,193000,175000
yum cha,154000,150000
yum seng,6190,5570
yummy,48400000,56100000
yupi bear,196,477
yupi gummy hotdog,6,7
yupi iced cola,243,243
yuppie,689000,324000
z monster,400000,400000
zai,6060000,5290000
zao,623000,654000
zao beh hoon,17300,153000
zao hor,64,55
zao king,163,164
zao kng,81,82
zao queen,5,5
zao yim,4,4
zar tan,306,305
zeh zeh,5410,5510
zero fighter,242000,242000
zero point,873000,857000
zg,7690000,6680000
zheng ah,1610,1550
zhng,23000,21100
zho pai nang,7,7
zhu tou zhu nao,2,2
zhun,60500,66200
zhun bo,10100,10500
zhun zhun,2770,2600
zhup,8290,8470
zi siao,226,202
zi cai,2710,2690
zi char,185000,188000
zina,6700000,7650000
zor kang,6,6
zor tang,6,6
zor teng,14,13
zzz,10200000,8040000
